index,nickname,country,city,club,band,daily_cap,schedule,rename_flag,base_skill,consistency,speed_offset,affinities,has_avatar,personality_seed
0,ushangi chadunshvili,GE,Zugdidi,,B4,8,evening,yes,0.734,0.784,0.28,league-1:0.17 argentina-world-cup:0.052 manchester-united:-0.056 soviet-union-world-cup:-0.056 italy-world-cup:-0.166,no,1698082198554433
1,ucha8,GE,Ozurgeti,,B4,2,evening,no,0.649,0.671,-0.249,soviet-union-world-cup:0.155 world-cup-brazil-2014:0.074 world-cup-italy-1990:0.152 england:0.15 inter-milan:-0.062 world-cup-qatar-2022:-0.058 champios-leage:-0.178,yes,4265569314584916
2,catenaccio73,GE,Poti,,B2,6,daytime,no,0.402,0.489,-0.254,world-cup-crests:0.195 germany:0.077 juventus:-0.134 80s:-0.198 west-germany-1974:-0.134 world-cup:-0.191,no,1163492082167615
3,datao09,GE,Tbilisi,,B4,8,evening,no,0.673,0.609,0.29,milan:0.168 world-cup-crests:0.143 italy-world-cup:-0.176 world-cup-champions:-0.117,no,3330845991111378
4,ladoa,GE,Tbilisi,,B3,10,morning,no,0.576,0.787,-0.19,world-cup-finals:0.147 psg:0.07 football-logic:0.171 world-cup-records:-0.16 argentina:-0.15,no,3076207509934570
5,temuri,GE,Kutaisi,,B4,7,daytime,no,0.732,0.661,-0.151,world-cup-captains:0.053 maradona-world-cup:0.055 world-cup-usa-1994:0.087 barcelona:0.071 la-liga:-0.12 mexico-1970:-0.119 80s:-0.117,no,3232449723303698
6,peleika,GE,Kutaisi,,B3,2,evening,yes,0.559,0.449,0.075,world-cup-classics:0.131 portugal:0.115 world-cup-records:-0.05 80s:-0.05,no,4364002524145640
7,LelaB.trequarti,GE,Batumi,,B3,6,daytime,no,0.474,0.392,0.172,england:0.078 brazil:0.194 world-cup-crests:0.14 high-low:0.053 argentina-1978:-0.08 world-cup-records:-0.072,no,4189762286407758
8,lali peikrishvili,GE,Poti,,B1 (bottom),8,evening,no,0.117,0.744,0.017,messi-world-cup:0.13 soviet-union-world-cup:0.196 argentina-world-cup:0.073 club-world-cup:0.07 champios-leage:-0.162 spain:-0.111,no,1046022861627671
9,Vaso Dgebiani,GE,Rustavi,,B3,6,daytime,no,0.543,0.604,0.097,world-cup-champions:0.103 90s:0.154 world-cup-captains:-0.143 world-cup-germany-2006:-0.156 spain:-0.176,no,1790422901822401
10,Kemokliani,GE,Zugdidi,,B2,2,evening,no,0.34,0.449,0.257,kvnb-netherlands:0.096 world-cup-spain-1982:0.121 ballon-dor:0.114 world-cup-germany-2006:0.187 argentina:-0.111 world-cup-mexico-1986:-0.081 10s:-0.117 la-liga:-0.114,no,1850709487350696
11,Lasha,GE,Telavi,,B4,13,morning,no,0.602,0.596,-0.042,west-germany-1974:0.165 high-low:0.137 argentina-world-cup:0.192 inter-milan:0.091 football-logic:-0.129 portugal:-0.098 00s:-0.13 brazil-world-cup:-0.08,no,1383701293474697
12,Elguja Nachkebshvili,GE,Gori,,B3,10,morning,yes,0.527,0.819,0.271,real-madrid:0.198 badges-and-logos:0.099 80s:-0.075 world-cup-classics:-0.166,no,1297645342407920
13,takoushka14,GE,Akhaltsikhe,,B3,8,evening,no,0.502,0.83,0.2,badges-and-logos:0.168 seria-a:0.133 10s:0.145 france-world-cup:-0.11 world-cup-classics:-0.143 italy-world-cup:-0.129 inter-milan:-0.167,no,3175822769412958
14,Lekso Lesgadze,GE,Tbilisi,,B3,11,morning,no,0.517,0.435,-0.213,france-world-cup:0.111 uefa-euro:0.198 manchester-united:0.123 world-cup-stadiums:0.083 world-cup-brazil-2014:-0.09 maradona-world-cup:-0.1,no,2635822839570698
15,OtoL,DE,Munich,,B3,2,evening,yes,0.599,0.85,-0.186,ronaldo-world-cup:0.194 chelsea:0.11 juventus:0.094 80s:0.182 england-world-cup:-0.181 uefa-euro:-0.081,no,2127311171938464
16,Levan Shengelava14,GE,Akhaltsikhe,,B2,2,evening,no,0.447,0.678,0.197,messi-world-cup:0.088 world-cup-captains:0.16 world-cup-russia-2018:0.192 world-cup-finals:-0.115 world-cup-champions:-0.178 argentina-world-cup:-0.101 world-cup-stadiums:-0.166,no,2575836463715997
17,oto.kaisa22,GE,Zugdidi,,B1 (bottom),8,daytime,no,0.136,0.774,-0.086,football-logic:0.094 italy-world-cup:0.15 seria-a:-0.134 ballon-dor:-0.123 manchester-united:-0.131,no,290334797738081
18,JabaS,GE,Zugdidi,,B3,8,daytime,no,0.549,0.613,0.024,inter-milan:0.146 milan:0.073 kvnb-netherlands:-0.07 netherlands-world-cup:-0.066 world-cup-champions:-0.165,no,2952280419573869
19,DavitiM,GB,Manchester,,B3,7,daytime,no,0.564,0.556,-0.019,ronaldo-world-cup:0.131 spain-world-cup:0.157 world-cup-russia-2018:-0.083 world-cup-france-1998:-0.067 badges-and-logos:-0.1,no,3474427838843012
20,tornika,TR,Ankara,,B4,10,morning,no,0.63,0.465,-0.086,ronaldo-world-cup:0.074 world-cup-kits:0.168 uefa-euro:0.117 arsenal:-0.078 england:-0.18,no,2457649243592451
21,ramaz,TR,Izmir,,B5 (top),7,daytime,no,0.767,0.76,-0.257,world-cup-korea-japan-2002:0.096 kvnb-netherlands:0.075 germany-world-cup:0.157 spain:0.154 argentina-1978:-0.083 spain-world-cup:-0.196,no,2170863818722092
22,Daviti Bakuridze,GE,Akhaltsikhe,,B1 (bottom),11,morning,no,0.094,0.555,-0.045,chelsea:0.126 premier-league:0.144 germany-world-cup:0.058 spain:-0.079 maradona-world-cup:-0.17 juventus:-0.188 world-cup-kits:-0.088,no,562763349710266
23,Levan Ugreliadze,GE,Akhaltsikhe,,B3,13,morning,no,0.528,0.382,-0.027,world-cup-korea-japan-2002:0.145 world-cup-qatar-2022:0.164 world-cup-goalkeepers:-0.196 england-world-cup:-0.063 liverpool:-0.072 germany:-0.129,no,2085792413945291
24,zazaka,GB,Birmingham,,B1 (bottom),6,daytime,no,0.139,0.699,0.117,messi-world-cup:0.191 world-cup-crests:0.104 world-cup-champions:0.154 world-cup-goalkeepers:0.177 spain-world-cup:-0.108 00s:-0.192 90s:-0.124 premier-league:-0.146,no,2208318225163604
25,Nozadua,GE,Telavi,,B1 (bottom),6,daytime,no,0.053,0.527,-0.004,pele-world-cup:0.138 badges-and-logos:0.089 france:0.193 world-cup-champions:-0.071 career-path:-0.183 league-1:-0.107,no,1591118836216500
26,MakaR,GE,Ozurgeti,,B3,2,evening,no,0.474,0.559,-0.28,00s:0.121 world-cup-italy-1990:0.093 world-cup-korea-japan-2002:-0.185 germany-world-cup:-0.159 chelsea:-0.159 transfers:-0.168,no,157630617738198
27,TemolD,GE,Telavi,,B3,7,daytime,yes,0.517,0.54,-0.273,00s:0.16 club-world-cup:0.087 milan:0.132 career-path:-0.168 germany-world-cup:-0.065,no,3371632353039846
28,Datao,US,New York,,B3,13,morning,no,0.51,0.68,-0.188,transfers:0.097 arsenal:0.142 barcelona:0.186 80s:-0.159 manchester-united:-0.078 italia-italy:-0.19,no,3275892632378703
29,Sergo Mattchavaradze,GE,Rustavi,,B4,10,evening,yes,0.665,0.838,-0.256,world-cup-stadiums:0.134 world-cup-records:0.118 world-cup-brazil-2014:0.087 manchester-city:0.169 juventus:-0.183 world-cup-usa-1994:-0.138 world-cup-germany-2006:-0.144 manchester-united:-0.128,no,2480601403307221
30,Sabaka22,GE,Poti,,B3,10,morning,no,0.5,0.712,-0.177,imposter:0.098 argentina:0.085 juventus:0.126 world-cup-brazil-2014:0.117 manchester-city:-0.097 bundes-liga:-0.178 00s:-0.103 netherlands-world-cup:-0.116,no,4241560297863763
31,SophoS,GE,Rustavi,,B3,12,morning,no,0.536,0.482,0.118,world-cup-korea-japan-2002:0.064 seria-a:0.064 imposter:0.068 dortmund:0.064 world-cup-germany-2006:-0.168 world-cup:-0.095 world-cup-champions:-0.151 career-path:-0.177,no,965661281781250
32,konstantiner15,GE,Rustavi,,B1 (bottom),2,evening,no,0.143,0.413,-0.273,high-low:0.191 world-cup-champions:0.082 arsenal:-0.121 france:-0.156 world-cup:-0.124,no,10299949313469
33,zurabushka09,GE,Gori,,B2,2,evening,no,0.395,0.831,0.246,uefa-euro:0.077 high-low:0.061 world-cup-france-1998:-0.165 italy-world-cup:-0.125,yes,3890507969501755
34,IuriG,GE,Zugdidi,,B3,8,night_owl,no,0.537,0.355,-0.265,messi-world-cup:0.123 brazil-world-cup:0.144 italia-italy:0.177 world-cup-france-1998:0.118 premier-league:-0.091 england-world-cup:-0.188,no,1071844623169153
35,Miqa,GE,Kutaisi,,B5 (top),10,morning,no,0.884,0.454,-0.252,portugal:0.106 argentina:0.171 00s:0.117 pele-world-cup:-0.171 world-cup-france-1998:-0.076 mexico-1970:-0.153 club-world-cup:-0.143,no,1682916889446801
36,mirianb9,GE,Batumi,,B3,10,morning,yes,0.577,0.527,0.122,ballon-dor:0.06 england:0.137 spain:0.105 00s:-0.059 world-cup-goalkeepers:-0.165 dortmund:-0.15,no,3034558724241557
37,sergo nozadshvili,GE,Batumi,,B3,6,daytime,no,0.459,0.359,-0.256,pele-world-cup:0.067 portugal:0.149 milan:0.096 manchester-city:0.143 world-cup:-0.176 world-cup-finals:-0.136 champios-leage:-0.107,yes,613316269382767
38,rezi,ES,Barcelona,,B3,6,daytime,no,0.453,0.773,-0.016,world-cup-korea-japan-2002:0.123 imposter:0.125 high-low:0.123 uefa-euro:-0.119 world-cup-brazil-2014:-0.118 world-cup-qatar-2022:-0.089,no,2059448327773640
39,torniked23,GE,Gori,,B1 (bottom),2,evening,no,0.091,0.726,0.212,mexico-1970:0.153 transfers:0.074 world-cup:-0.163 argentina:-0.092 soviet-union-world-cup:-0.085 world-cup-south-africa-2010:-0.057,no,332091188465296
40,ramosuna,GE,Telavi,,B2,8,daytime,no,0.301,0.392,-0.025,transfers:0.164 10s:0.12 world-cup-classics:0.078 world-cup-goalkeepers:-0.148 premier-league:-0.062,no,2784838673383018
41,zlatan6,GE,Zugdidi,,B3,20,evening,no,0.453,0.47,0.138,spain:0.12 imposter:0.084 spain-world-cup:0.122 world-cup-italy-1990:-0.165 chelsea:-0.172 kvnb-netherlands:-0.073 world-cup-champions:-0.182,no,1791247221912262
42,Saba Papavidze,GE,Zugdidi,,B2,2,evening,no,0.319,0.644,0.053,world-cup-classics:0.118 world-cup-kits:0.172 dortmund:0.056 champios-leage:-0.147 inter-milan:-0.116 italy-world-cup:-0.187 argentina-1978:-0.14,no,2710348205607461
43,Temuri Darakhvelshvili,GE,Tbilisi,,B2,2,evening,no,0.389,0.697,-0.3,badges-and-logos:0.083 chelsea:0.055 ballon-dor:-0.184 england:-0.125,no,3969823471491032
44,pele15,GE,Gori,,B2,2,evening,no,0.377,0.696,0.163,argentina-world-cup:0.2 milan:0.094 world-cup-korea-japan-2002:0.163 france:0.124 real-madrid:-0.061 ronaldo-world-cup:-0.185,no,1946485724170097
45,bachor23,GE,Kutaisi,,B2,6,daytime,no,0.441,0.537,0.143,world-cup-goalkeepers:0.101 uefa-euro:0.065 world-cup-kits:0.161 career-path:-0.069 world-cup-russia-2018:-0.158 dortmund:-0.193,no,86097225079877
46,guramika,GE,Kutaisi,,B3,10,evening,no,0.474,0.849,-0.28,world-cup-spain-1982:0.173 imposter:0.055 soviet-union-world-cup:-0.103 seria-a:-0.179 ronaldo-world-cup:-0.144,no,1233943864747661
47,zura,ES,Barcelona,,B1 (bottom),8,daytime,no,0.118,0.532,0.194,la-liga:0.106 uefa-euro:0.07 world-cup-finals:0.064 world-cup-brazil-2014:0.077 germany:-0.103 10s:-0.136,no,2126552096260469
48,phkhovelshvili,DE,Berlin,,B1 (bottom),8,evening,no,0.132,0.421,-0.005,world-cup-kits:0.143 england:0.094 world-cup-qatar-2022:0.126 champios-leage:-0.091 world-cup-korea-japan-2002:-0.115 uefa-euro:-0.13 premier-league:-0.147,no,42917177807266
49,golden,GE,Gori,,B4,6,daytime,no,0.629,0.498,-0.2,imposter:0.157 world-cup-kits:0.175 juventus:0.182 world-cup-goalkeepers:-0.104 brazil-world-cup:-0.169,no,4163712342641988
50,Temo Darakhvelua,GB,Manchester,,B1 (bottom),7,daytime,yes,0.201,0.391,-0.218,champios-leage:0.11 league-1:0.062 germany-world-cup:-0.051 england:-0.193,yes,179521963727003
51,Nachkebidze,GE,Batumi,,B4,20,evening,no,0.667,0.596,-0.026,world-cup-brazil-2014:0.168 career-path:0.199 80s:0.077 spain-world-cup:-0.127 messi-world-cup:-0.05,no,1215840337469880
52,ANANO KHUBULSHVILI,GE,Zugdidi,,B2,8,daytime,yes,0.274,0.651,-0.127,10s:0.165 germany:0.087 mexico-1970:-0.11 world-cup-korea-japan-2002:-0.101,no,850801246133727
53,tason14,GE,Ozurgeti,,B1 (bottom),8,evening,yes,0.171,0.609,0.222,world-cup-mexico-1986:0.147 pele-world-cup:0.07 bayern:0.137 messi-world-cup:0.054 seria-a:-0.153 world-cup-stadiums:-0.069 premier-league:-0.051,no,3799781577152785
54,jabaiko,DE,Berlin,,B2,7,daytime,no,0.298,0.74,0.137,west-germany-1974:0.172 ballon-dor:0.191 arsenal:0.107 world-cup-mexico-1986:-0.074 kvnb-netherlands:-0.189,no,2640857852050657
55,Pridon Gugeshadze,GE,Gori,,B1 (bottom),7,daytime,no,0.13,0.695,-0.139,spain-world-cup:0.169 england-world-cup:0.109 psg:0.133 10s:-0.11 world-cup-crests:-0.166 netherlands-world-cup:-0.136 barcelona:-0.063,no,941035891401682
56,Bachana Tabagshvili,GE,Tbilisi,,B2,8,evening,no,0.318,0.457,-0.22,soviet-union-world-cup:0.107 ballon-dor:0.128 world-cup-spain-1982:-0.072 mexico-1970:-0.16,no,1871059802213527
57,Beso Gvarameli,GE,Zugdidi,,B3,8,night_owl,yes,0.488,0.421,-0.108,england-world-cup:0.134 dortmund:0.144 kvnb-netherlands:0.137 la-liga:0.114 world-cup-records:-0.075 inter-milan:-0.137,no,4486822919297564
58,gegao,GE,Rustavi,,B1 (bottom),2,evening,no,0.109,0.501,-0.04,champios-leage:0.094 career-path:0.174 world-cup-italy-1990:0.194 west-germany-1974:0.166 world-cup:-0.067 world-cup-brazil-2014:-0.055 world-cup-crests:-0.182 psg:-0.166,no,2697874415017138
59,SergoL,ES,Barcelona,,B4,10,evening,no,0.651,0.712,0.046,ronaldo-world-cup:0.176 messi-world-cup:0.105 80s:0.165 germany:0.183 90s:-0.144 league-1:-0.073 juventus:-0.062 champios-leage:-0.178,no,1737750897706891
60,sergo matchavaridze,GE,Gori,,B3,10,evening,no,0.531,0.595,-0.111,manchester-united:0.165 arsenal:0.123 uefa-euro:0.187 world-cup-germany-2006:-0.058 world-cup-france-1998:-0.091 soviet-union-world-cup:-0.11 world-cup-stadiums:-0.055,no,920580898634128
61,tsalugeladze,GE,Telavi,,B5 (top),21,daytime,no,0.839,0.542,0.27,world-cup-finals:0.169 messi-world-cup:0.129 world-cup-korea-japan-2002:-0.075 00s:-0.143 la-liga:-0.119 world-cup-south-africa-2010:-0.14,no,667410384903306
62,Ugreliidze,GE,Gori,,B3,6,daytime,no,0.508,0.362,0.197,france:0.161 world-cup-classics:0.077 transfers:0.093 germany-world-cup:-0.071 england-world-cup:-0.087,no,3274558918221905
63,otarim,ES,Madrid,,B2,6,daytime,no,0.391,0.582,-0.211,00s:0.187 world-cup-crests:0.083 ronaldo-world-cup:-0.166 inter-milan:-0.157,no,4419835665751061
64,Giorgi Kraveishvili,GE,Poti,,B1 (bottom),8,daytime,no,0.219,0.477,0.282,liverpool:0.06 argentina-world-cup:0.198 league-1:-0.117 italy-world-cup:-0.188 spain-world-cup:-0.084,yes,571381176312007
65,Vakho,GE,Zugdidi,,B4,10,evening,no,0.711,0.529,0.072,chelsea:0.137 uefa-euro:0.154 messi-world-cup:-0.133 high-low:-0.126,no,3952440783029191
66,eldara,GE,Tbilisi,,B2,7,daytime,no,0.332,0.653,-0.057,world-cup-france-1998:0.067 world-cup-captains:0.163 argentina-1978:0.187 argentina-world-cup:-0.119 career-path:-0.093,no,2759443095321341
67,NugoD,GE,Poti,,B3,2,evening,no,0.543,0.831,-0.148,club-world-cup:0.153 world-cup-classics:0.061 world-cup-qatar-2022:0.156 chelsea:-0.144 transfers:-0.173 liverpool:-0.184,no,3869267131567579
68,rezi iremashadze,GE,Tbilisi,,B2,2,evening,no,0.308,0.532,0.061,imposter:0.127 west-germany-1974:0.194 liverpool:0.19 seria-a:0.181 world-cup-captains:-0.155 world-cup-goalkeepers:-0.076 world-cup-usa-1994:-0.153,no,3335330427016995
69,GubazK5,GE,Kutaisi,,B2,7,daytime,yes,0.328,0.764,-0.275,world-cup-champions:0.189 world-cup-mexico-1986:0.151 world-cup-captains:0.185 world-cup-stadiums:-0.156 10s:-0.07 world-cup-korea-japan-2002:-0.095,no,4191911937341914
70,mananag,GE,Akhaltsikhe,,B4,10,evening,no,0.708,0.551,0.149,inter-milan:0.156 la-liga:0.066 brazil-world-cup:0.112 manchester-city:0.064 west-germany-1974:-0.093 world-cup-finals:-0.057 premier-league:-0.095,no,3737895855929395
71,Kakha Lomididze,GE,Rustavi,,B4,8,evening,no,0.634,0.783,0.2,manchester-city:0.139 imposter:0.146 badges-and-logos:-0.08 inter-milan:-0.179,no,134103070281557
72,striker,GE,Kutaisi,,B4,2,evening,no,0.65,0.63,0.153,manchester-city:0.198 germany-world-cup:0.19 transfers:0.052 liverpool:0.128 world-cup:-0.064 world-cup-italy-1990:-0.103 world-cup-kits:-0.093,no,1347861601242814
73,lukauna,GE,Akhaltsikhe,,B1 (bottom),10,morning,no,0.139,0.466,-0.068,spain-world-cup:0.102 milan:0.139 uefa-euro:0.071 liverpool:-0.154 real-madrid:-0.094 90s:-0.127 italy-world-cup:-0.103,no,235711063046439
74,beka japarshvili,GE,Gori,,B3,10,evening,no,0.481,0.372,0.169,manchester-city:0.184 mexico-1970:0.165 pele-world-cup:0.123 england-world-cup:-0.125 world-cup-spain-1982:-0.06 portugal:-0.107,no,251575424336057
75,niko japaradze,GE,Ozurgeti,,B1 (bottom),10,evening,yes,0.213,0.62,0.293,arsenal:0.129 psg:0.081 ronaldo-world-cup:-0.051 england-world-cup:-0.101,yes,2806544387551584
76,giorgi kublashiani,GE,Ozurgeti,,B4,8,evening,no,0.718,0.782,0.044,seria-a:0.068 world-cup-kits:0.165 world-cup-captains:-0.096 west-germany-1974:-0.166,no,4234857770392378
77,Khatia Qoridashvili,GE,Ozurgeti,,B1 (bottom),6,daytime,no,0.064,0.36,-0.101,world-cup-italy-1990:0.182 france:0.14 world-cup-kits:-0.086 world-cup-mexico-1986:-0.144 league-1:-0.134 manchester-city:-0.064,no,390439597935929
78,lekso zumbulshvili,GE,Tbilisi,,B2,6,daytime,no,0.395,0.662,0.244,argentina-world-cup:0.192 world-cup-champions:0.164 chelsea:-0.054 france:-0.184 germany-world-cup:-0.06 high-low:-0.135,no,2475481212669880
79,Kakhi Meladzua,GE,Rustavi,,B1 (bottom),2,evening,no,0.246,0.768,0.275,milan:0.168 world-cup-germany-2006:0.146 world-cup-crests:0.12 germany-world-cup:0.076 italia-italy:-0.069 90s:-0.089,no,4263707813544722
80,Konstantine28,GE,Telavi,,B3,2,evening,no,0.459,0.624,0.293,world-cup-records:0.168 maradona-world-cup:0.092 manchester-city:-0.128 world-cup-usa-1994:-0.052 england-world-cup:-0.134,no,1813523483859007
81,Gigi Ratianshvili,GR,Athens,,B4,13,morning,yes,0.74,0.632,0.242,germany:0.093 career-path:0.196 high-low:0.153 dortmund:-0.12 world-cup-finals:-0.163 badges-and-logos:-0.075,no,2641198050930650
82,Eldar,GE,Poti,,B4,2,evening,no,0.733,0.603,0.233,00s:0.054 seria-a:0.176 bayern:0.112 world-cup-mexico-1986:0.083 netherlands-world-cup:-0.077 world-cup-brazil-2014:-0.116,no,1833024178621032
83,Sulkhan,ES,Barcelona,,B4,2,evening,no,0.734,0.797,-0.135,badges-and-logos:0.154 inter-milan:0.121 argentina-world-cup:0.104 uefa-euro:0.061 portugal:-0.15 world-cup-records:-0.142,no,834145892018695
84,pridonuna.baller,DE,Berlin,,B1 (bottom),8,evening,yes,0.06,0.56,-0.134,soviet-union-world-cup:0.186 00s:0.083 barcelona:0.176 manchester-united:-0.161 world-cup-crests:-0.057,no,4475460327859066
85,Tako Tabagshvili,GE,Rustavi,,B3,8,daytime,no,0.478,0.438,0.247,soviet-union-world-cup:0.188 brazil-world-cup:0.053 bayern:0.124 world-cup-crests:-0.124 netherlands-world-cup:-0.144,no,19698496640214
86,Tea Qorideli,US,New York,,B2,8,daytime,no,0.383,0.776,-0.037,mexico-1970:0.105 argentina-world-cup:0.188 spain:0.126 10s:-0.178 england-world-cup:-0.092 netherlands-world-cup:-0.053 ronaldo-world-cup:-0.093,no,1741964621329061
87,Lukasushka,GE,Batumi,,B1 (bottom),8,night_owl,no,0.169,0.667,0.085,world-cup-records:0.112 west-germany-1974:0.15 90s:-0.163 france-world-cup:-0.163,no,2002484071463248
88,Tea59,GE,Kutaisi,,B3,2,evening,no,0.492,0.683,-0.187,germany:0.055 germany-world-cup:0.134 world-cup-south-africa-2010:0.192 dortmund:0.149 transfers:-0.094 world-cup-finals:-0.127,no,4488036839663103
89,taso,GE,Rustavi,,B1 (bottom),2,evening,no,0.248,0.438,-0.279,world-cup-kits:0.062 la-liga:0.116 germany:0.134 world-cup-finals:0.111 bundes-liga:-0.169 manchester-united:-0.068 ronaldo-world-cup:-0.056 world-cup-germany-2006:-0.128,no,3369289437006479
90,vovam,GE,Gori,,B2,2,evening,no,0.313,0.474,0.144,world-cup-records:0.106 premier-league:0.095 brazil-world-cup:0.16 milan:0.062 soviet-union-world-cup:-0.1 juventus:-0.134 dortmund:-0.083 world-cup-stadiums:-0.193,no,3949719877352575
91,nikoloz chkhartadze,US,Chicago,,B4,2,evening,no,0.682,0.563,0.235,world-cup-records:0.194 argentina-1978:0.094 world-cup-stadiums:0.103 world-cup-germany-2006:0.092 brazil:-0.194 psg:-0.117 world-cup-usa-1994:-0.187,no,3469643731270302
92,Misha,GE,Ozurgeti,,B4,8,evening,no,0.71,0.632,0.174,world-cup-kits:0.186 world-cup-mexico-1986:0.192 milan:0.179 champios-leage:-0.066 real-madrid:-0.174 world-cup-crests:-0.069,no,3979201363032125
93,Sosoka,GR,Thessaloniki,,B4,2,evening,yes,0.614,0.688,0.116,bayern:0.148 messi-world-cup:0.108 football-logic:0.14 italia-italy:0.159 france-world-cup:-0.11 psg:-0.064,no,420782384759503
94,konstantine matchavariani,GE,Rustavi,,B3,8,evening,no,0.555,0.504,0.107,liverpool:0.104 argentina-1978:0.18 bayern:-0.103 world-cup-france-1998:-0.064 portugal:-0.107 manchester-united:-0.065,no,1123430103120760
95,kakhim,GE,Rustavi,,B2,2,evening,no,0.261,0.677,-0.126,argentina-1978:0.084 bayern:0.082 la-liga:0.127 world-cup-russia-2018:0.097 spain:-0.118 world-cup-brazil-2014:-0.051 world-cup-germany-2006:-0.068 transfers:-0.175,no,123985261037967
96,Kraveishidze,GE,Gori,,B5 (top),2,evening,no,0.877,0.814,0.004,chelsea:0.059 germany-world-cup:0.169 bundes-liga:0.099 world-cup-stadiums:-0.18 argentina-1978:-0.086,no,3210437181165716
97,levang69,GE,Tbilisi,,B2,10,morning,no,0.422,0.752,-0.147,world-cup-usa-1994:0.058 france-world-cup:0.179 chelsea:0.082 bayern:0.147 soviet-union-world-cup:-0.056 barcelona:-0.131 world-cup-stadiums:-0.1,no,2735915552696150
98,NikolozA,GE,Tbilisi,,B4,2,evening,yes,0.706,0.752,-0.195,seria-a:0.073 ronaldo-world-cup:0.148 90s:0.137 world-cup-france-1998:0.105 world-cup-brazil-2014:-0.11 world-cup-crests:-0.192 badges-and-logos:-0.147 argentina-1978:-0.198,no,2024510526279162
99,Iashvili,US,Chicago,,B2,11,morning,no,0.394,0.685,-0.103,bundes-liga:0.071 chelsea:0.093 transfers:0.099 league-1:-0.196 80s:-0.181 world-cup-finals:-0.099 ronaldo-world-cup:-0.189,no,1404520499247183
100,kakao,GB,Birmingham,,B2,8,daytime,no,0.311,0.828,0.024,barcelona:0.137 liverpool:0.06 england-world-cup:0.169 juventus:0.079 arsenal:-0.2 ronaldo-world-cup:-0.09,yes,2619221402954220
101,Beso,GE,Batumi,,B3,2,evening,no,0.46,0.668,0.198,world-cup-korea-japan-2002:0.131 chelsea:0.086 uefa-euro:0.14 spain-world-cup:0.108 world-cup-classics:-0.08 club-world-cup:-0.079 premier-league:-0.107,no,2679958532600193
102,Elgujaka,GE,Rustavi,,B3,10,evening,no,0.593,0.581,0.091,transfers:0.183 80s:0.096 pele-world-cup:0.111 world-cup-stadiums:-0.148 10s:-0.19 career-path:-0.062 badges-and-logos:-0.094,no,2508079048151672
103,costa,US,Chicago,,B4,10,evening,no,0.717,0.473,-0.084,pele-world-cup:0.13 argentina:0.07 world-cup-finals:-0.139 ronaldo-world-cup:-0.134,no,4055232612751340
104,Rezia,GE,Tbilisi,,B2,6,daytime,no,0.431,0.841,-0.162,italia-italy:0.172 maradona-world-cup:0.125 world-cup-usa-1994:0.072 ballon-dor:0.145 brazil:-0.11 uefa-euro:-0.107 world-cup-crests:-0.186,no,1854010448673736
105,Datoiko,GE,Rustavi,,B2,6,daytime,yes,0.328,0.57,0.091,argentina-1978:0.097 uefa-euro:0.16 bundes-liga:-0.162 brazil-world-cup:-0.074 real-madrid:-0.082 champios-leage:-0.119,no,1321581112967915
106,AnaM4,GE,Rustavi,,B4,2,evening,no,0.735,0.487,-0.296,brazil-world-cup:0.161 uefa-euro:0.086 pele-world-cup:-0.175 manchester-city:-0.087 world-cup-italy-1990:-0.083,no,644552069310897
107,vatoiko,GE,Telavi,,B4,8,evening,no,0.657,0.527,0.087,soviet-union-world-cup:0.17 pele-world-cup:0.118 germany:0.122 world-cup-germany-2006:0.19 world-cup-south-africa-2010:-0.158 argentina-1978:-0.074,no,1169269998534005
108,hamsik23,GE,Ozurgeti,,B1 (bottom),2,evening,yes,0.099,0.675,0.053,manchester-city:0.176 soviet-union-world-cup:0.106 league-1:0.143 90s:0.178 world-cup-captains:-0.129 netherlands-world-cup:-0.067,no,2073302697147716
109,mikheiln,US,Los Angeles,,B1 (bottom),8,night_owl,no,0.158,0.774,0.035,world-cup-qatar-2022:0.145 brazil-world-cup:0.098 liverpool:-0.097 world-cup-brazil-2014:-0.09 high-low:-0.118,no,3989979311809598
110,Rezia111,GE,Ozurgeti,,B2,2,evening,no,0.383,0.846,0.075,10s:0.145 world-cup-crests:0.182 england-world-cup:-0.156 manchester-united:-0.097 bundes-liga:-0.064,no,2994114369710835
111,gochaika23,GE,Poti,,B5 (top),8,evening,no,0.886,0.696,0.203,world-cup-russia-2018:0.17 argentina-1978:0.196 germany-world-cup:0.128 badges-and-logos:-0.177 west-germany-1974:-0.198 world-cup-korea-japan-2002:-0.157,no,1929363084807151
112,lekso,GE,Poti,,B3,10,evening,no,0.506,0.536,-0.109,premier-league:0.08 club-world-cup:0.155 liverpool:0.129 chelsea:-0.131 manchester-united:-0.075 england-world-cup:-0.179 80s:-0.169,no,4443706966424586
113,Zviada,GE,Batumi,,B3,6,daytime,no,0.55,0.76,-0.075,portugal:0.141 world-cup-germany-2006:0.186 transfers:-0.068 manchester-united:-0.095 world-cup-qatar-2022:-0.13,no,4365991873898191
114,GUBAZ ARSENSHVILI,GE,Gori,,B2,6,daytime,yes,0.417,0.384,0.263,barcelona:0.168 10s:0.16 soviet-union-world-cup:0.135 pele-world-cup:0.133 transfers:-0.058 imposter:-0.121 liverpool:-0.105 messi-world-cup:-0.117,no,3598311785947966
115,Vashalidze77,GE,Gori,,B1 (bottom),8,evening,no,0.115,0.635,0.244,world-cup-champions:0.063 world-cup-mexico-1986:0.153 world-cup-germany-2006:0.123 inter-milan:0.119 world-cup-korea-japan-2002:-0.192 00s:-0.103,no,3913726080073144
116,Mamuka Bakurshvili1,GE,Telavi,,B4,8,night_owl,no,0.618,0.791,0.212,world-cup-crests:0.195 argentina-world-cup:0.109 world-cup-spain-1982:0.171 real-madrid:-0.187 world-cup-goalkeepers:-0.076 chelsea:-0.195 00s:-0.161,no,3439582615129003
117,Bacho Gugeshava,GE,Batumi,,B2,10,morning,no,0.331,0.561,0.049,world-cup-crests:0.063 football-logic:0.125 chelsea:0.112 real-madrid:0.154 juventus:-0.114 80s:-0.055 ballon-dor:-0.054,no,763577309800791
118,ZazaA,GE,Gori,,B3,8,daytime,yes,0.522,0.573,0.111,football-logic:0.064 ronaldo-world-cup:0.154 portugal:-0.056 world-cup-korea-japan-2002:-0.173 world-cup-captains:-0.154 world-cup-kits:-0.148,no,3271654452645938
119,VakhtangD,GE,Zugdidi,,B5 (top),10,evening,no,0.9,0.671,0.066,world-cup-champions:0.095 world-cup-records:0.194 west-germany-1974:-0.07 transfers:-0.075 brazil:-0.079 portugal:-0.112,no,3442732795169307
120,Ketevan Ugrelishvili,GE,Ozurgeti,,B2,2,evening,no,0.344,0.68,0.152,bundes-liga:0.055 uefa-euro:0.185 league-1:0.108 world-cup-captains:0.192 spain-world-cup:-0.135 world-cup-champions:-0.168 portugal:-0.165,no,3313527016350425
121,TENGO KLDIASHVILI,GE,Kutaisi,,B2,2,evening,no,0.331,0.621,0.124,world-cup-mexico-1986:0.113 liverpool:0.165 pele-world-cup:0.082 brazil:0.08 90s:-0.133 portugal:-0.091 club-world-cup:-0.176 world-cup-finals:-0.125,no,3139106086902139
122,grigol papavua,GE,Zugdidi,,B2,8,evening,no,0.441,0.527,0.054,inter-milan:0.186 france:0.073 dortmund:0.117 psg:0.194 world-cup-captains:-0.136 uefa-euro:-0.167,no,537329340606560
123,Sandroiko,GE,Akhaltsikhe,,B4,2,evening,no,0.603,0.422,-0.265,world-cup-kits:0.055 10s:0.112 world-cup-stadiums:0.148 portugal:0.121 spain-world-cup:-0.151 la-liga:-0.14,no,1522968388695857
124,zaza meladzidze,GE,Poti,,B3,11,morning,no,0.49,0.582,0.045,germany:0.131 world-cup-russia-2018:0.058 high-low:0.092 argentina-1978:0.133 world-cup-italy-1990:-0.056 world-cup-france-1998:-0.122 maradona-world-cup:-0.07,no,668139034531655
125,ZaalK47,GE,Zugdidi,,B2,6,daytime,no,0.307,0.492,0.116,world-cup-champions:0.111 manchester-united:0.106 80s:-0.096 brazil-world-cup:-0.098,no,1435923602826983
126,ნიკა,ES,Barcelona,,B4,2,evening,no,0.651,0.387,0.132,arsenal:0.06 france:0.152 ballon-dor:0.054 italia-italy:0.072 world-cup-spain-1982:-0.18 soviet-union-world-cup:-0.096 la-liga:-0.161 england:-0.151,no,1086566551077026
127,Gogi Tomadadze,GE,Kutaisi,,B2,6,daytime,no,0.37,0.712,0.214,brazil:0.157 badges-and-logos:0.119 la-liga:-0.057 10s:-0.15,no,3586520694554634
128,Malkhaz,GE,Batumi,,B3,8,evening,no,0.58,0.756,-0.099,badges-and-logos:0.131 league-1:0.12 germany-world-cup:0.143 world-cup-mexico-1986:0.173 argentina-1978:-0.19 milan:-0.171 ballon-dor:-0.148 80s:-0.193,no,1063544515555265
129,ოთო,GE,Gori,,B2,6,daytime,no,0.258,0.763,-0.099,world-cup-classics:0.061 milan:0.143 world-cup-france-1998:-0.124 transfers:-0.099 10s:-0.099,no,2697640245483138
130,Tamtaushka22,GE,Gori,,B2,2,evening,no,0.305,0.568,-0.133,england:0.083 10s:0.131 world-cup-stadiums:0.162 champios-leage:-0.186 arsenal:-0.168,no,2425298960789981
131,AniaA,GE,Ozurgeti,,B1 (bottom),6,daytime,yes,0.138,0.825,-0.125,brazil-world-cup:0.158 world-cup-champions:0.059 inter-milan:0.085 world-cup-italy-1990:0.156 manchester-united:-0.156 england:-0.053 world-cup-records:-0.192 chelsea:-0.057,yes,3135887054029325
132,ketevan lobzhidze,GE,Akhaltsikhe,,B3,8,evening,no,0.495,0.769,-0.231,argentina-world-cup:0.068 world-cup-korea-japan-2002:0.091 milan:-0.193 spain-world-cup:-0.107,no,1290549585500770
133,Sopho Purceliani,GE,Rustavi,,B1 (bottom),8,night_owl,no,0.186,0.508,0.177,ronaldo-world-cup:0.089 ballon-dor:0.065 imposter:0.2 world-cup-stadiums:0.174 manchester-united:-0.106 world-cup:-0.076 germany-world-cup:-0.079 argentina:-0.051,no,1430064842282013
134,Tengiz Zarkadze,GE,Zugdidi,,B3,8,evening,no,0.504,0.409,-0.036,world-cup-germany-2006:0.117 world-cup-russia-2018:0.173 la-liga:0.196 argentina-1978:0.126 world-cup-kits:-0.075 england-world-cup:-0.168,no,112425705323735
135,Papava,GE,Ozurgeti,,B4,2,evening,no,0.748,0.596,0.198,west-germany-1974:0.186 la-liga:0.164 germany:-0.14 italia-italy:-0.121 world-cup-italy-1990:-0.183 football-logic:-0.161,no,573766959162810
136,Guram Lesgidze,GE,Rustavi,,B3,2,evening,no,0.484,0.756,0.183,world-cup-south-africa-2010:0.051 world-cup-champions:0.176 ronaldo-world-cup:-0.123 france-world-cup:-0.064 real-madrid:-0.179,no,2224298729393231
137,otoka,GE,Zugdidi,,B3,11,morning,no,0.529,0.503,-0.181,world-cup-records:0.159 milan:0.128 badges-and-logos:0.194 england:0.166 netherlands-world-cup:-0.158 world-cup-stadiums:-0.102 club-world-cup:-0.128 liverpool:-0.11,no,295449802198362
138,Guram Bebereli,ES,Madrid,,B2,6,daytime,no,0.253,0.745,-0.096,manchester-city:0.097 england-world-cup:0.13 soviet-union-world-cup:0.054 world-cup-usa-1994:0.067 90s:-0.113 ballon-dor:-0.101,no,826495586903361
139,ElgujaD14,GE,Ozurgeti,,B4,2,evening,no,0.687,0.519,0.295,pele-world-cup:0.063 argentina-1978:0.066 world-cup:0.094 career-path:-0.133 chelsea:-0.073,no,902590431572371
140,BACHOUNA.kaisa47,GE,Akhaltsikhe,,B4,10,evening,no,0.611,0.796,0.167,world-cup-captains:0.072 world-cup-korea-japan-2002:0.057 champios-leage:0.092 world-cup-stadiums:0.152 football-logic:-0.089 juventus:-0.157 world-cup-germany-2006:-0.093 west-germany-1974:-0.099,no,1971359057787287
141,Roinushka,GR,Thessaloniki,,B3,2,evening,no,0.499,0.454,0.258,world-cup-france-1998:0.187 world-cup-usa-1994:0.119 england:0.164 maradona-world-cup:0.085 ronaldo-world-cup:-0.11 dortmund:-0.083,no,619015978435246
142,elenea,GE,Gori,,B1 (bottom),10,evening,no,0.217,0.499,-0.016,spain:0.084 world-cup-captains:0.183 high-low:0.141 world-cup-champions:-0.166 premier-league:-0.164 west-germany-1974:-0.195 world-cup-russia-2018:-0.08,no,2861963177852222
143,NODARO,GE,Tbilisi,,B4,2,evening,no,0.625,0.582,-0.212,mexico-1970:0.057 england:0.065 premier-league:0.058 juventus:0.1 90s:-0.141 real-madrid:-0.196 inter-milan:-0.161,no,489000943359007
144,Gubaziko,GE,Rustavi,,B2,2,evening,no,0.396,0.601,0.024,dortmund:0.142 world-cup-finals:0.169 champios-leage:-0.173 premier-league:-0.161,no,4220787734538560
145,Eleneushka,DE,Berlin,,B1 (bottom),2,evening,no,0.234,0.385,-0.186,champios-leage:0.127 seria-a:0.106 uefa-euro:0.17 world-cup-crests:-0.139 brazil-world-cup:-0.135,no,2858266034293434
146,soso kublashvili,GE,Poti,,B3,10,evening,no,0.528,0.384,0.266,world-cup-records:0.172 la-liga:0.19 liverpool:0.193 world-cup-goalkeepers:-0.132 england:-0.078 premier-league:-0.083,no,1215938535606618
147,GuramG,GE,Akhaltsikhe,,B1 (bottom),8,evening,no,0.07,0.466,0.298,world-cup-kits:0.154 league-1:0.081 france-world-cup:-0.086 world-cup-korea-japan-2002:-0.192,no,770826343252850
148,TornikB,GE,Kutaisi,,B1 (bottom),8,daytime,no,0.111,0.605,0.04,transfers:0.098 world-cup-mexico-1986:0.062 world-cup-italy-1990:-0.104 80s:-0.065 england-world-cup:-0.089 world-cup-kits:-0.102,yes,808859103715392
149,Emzara,DE,Berlin,,B4,8,evening,no,0.698,0.394,0.201,argentina:0.148 arsenal:0.148 transfers:0.163 spain-world-cup:0.17 soviet-union-world-cup:-0.129 la-liga:-0.163 liverpool:-0.135 portugal:-0.159,no,2205332412233689
150,maestro,GE,Poti,,B2,6,daytime,no,0.275,0.449,-0.129,world-cup-goalkeepers:0.102 england:0.093 world-cup-brazil-2014:0.196 netherlands-world-cup:-0.179 world-cup:-0.131 world-cup-germany-2006:-0.077 world-cup-kits:-0.133,no,2262580717643844
151,goga uguladze,GE,Tbilisi,,B2,8,evening,no,0.287,0.356,-0.007,world-cup-south-africa-2010:0.155 argentina-world-cup:0.103 west-germany-1974:0.154 badges-and-logos:-0.159 italia-italy:-0.102 manchester-city:-0.084 bayern:-0.145,no,645200034114271
152,zura chkhikvshvili,GE,Zugdidi,,B3,10,evening,no,0.561,0.447,0.172,bayern:0.055 world-cup-crests:0.112 ballon-dor:0.085 world-cup-brazil-2014:-0.125 transfers:-0.092 netherlands-world-cup:-0.127 world-cup-champions:-0.156,no,1842332630356880
153,Sakvareladze,GE,Batumi,,B4,10,evening,yes,0.679,0.791,-0.232,world-cup-usa-1994:0.112 germany:0.077 80s:0.075 world-cup-champions:0.066 west-germany-1974:-0.145 bundes-liga:-0.098 soviet-union-world-cup:-0.102 world-cup-spain-1982:-0.114,no,2695958719340132
154,turashvili,GE,Gori,,B2,10,evening,no,0.342,0.783,0.084,arsenal:0.178 premier-league:0.199 00s:-0.154 bayern:-0.103,no,2728645515049432
155,TornikeN,GE,Batumi,,B2,10,morning,no,0.43,0.604,0.18,germany-world-cup:0.056 premier-league:0.078 world-cup-korea-japan-2002:0.08 liverpool:-0.164 chelsea:-0.177 ronaldo-world-cup:-0.127 transfers:-0.1,no,1193678480924535
156,Pavle Vephkhvadze,US,Los Angeles,,B4,6,daytime,no,0.727,0.617,0.297,brazil-world-cup:0.183 psg:0.084 england-world-cup:-0.14 kvnb-netherlands:-0.128,no,2468623763823784
157,Mamuka Imnadzshvili,DE,Berlin,,B4,6,daytime,no,0.608,0.483,-0.276,ronaldo-world-cup:0.087 brazil:0.061 badges-and-logos:0.128 inter-milan:0.149 argentina-1978:-0.169 uefa-euro:-0.178,no,2582000447137604
158,oto zarkshvili4,GE,Kutaisi,,B2,8,evening,yes,0.277,0.393,-0.042,high-low:0.065 world-cup-goalkeepers:0.064 argentina-1978:-0.113 chelsea:-0.077 world-cup-korea-japan-2002:-0.176,no,2602187852946526
159,data nadiridze,GE,Poti,,B3,8,daytime,no,0.593,0.656,-0.114,imposter:0.171 world-cup-italy-1990:0.13 world-cup-champions:-0.071 world-cup-finals:-0.074,no,3433340988894509
160,GubazT18,GE,Ozurgeti,,B3,2,evening,no,0.495,0.517,0.245,pele-world-cup:0.098 world-cup-france-1998:0.101 soviet-union-world-cup:0.184 maradona-world-cup:0.184 argentina:-0.147 world-cup-spain-1982:-0.14 world-cup-korea-japan-2002:-0.094 england-world-cup:-0.122,no,1692207902819283
161,Ilia Gogichidze,GE,Batumi,,B4,6,daytime,no,0.726,0.376,0.258,liverpool:0.181 bayern:0.155 spain:0.088 argentina-world-cup:-0.067 brazil:-0.09 badges-and-logos:-0.179 seria-a:-0.17,no,4165296052918136
162,Sandro Maisuridze,GE,Poti,,B1 (bottom),10,morning,no,0.191,0.585,-0.007,italy-world-cup:0.069 80s:0.071 brazil:0.151 milan:-0.077 world-cup-finals:-0.168 west-germany-1974:-0.077,no,3256416106475782
163,Maka Chiradshvili58,ES,Barcelona,,B3,8,evening,yes,0.506,0.6,0.238,england:0.125 kvnb-netherlands:0.185 argentina:0.169 psg:0.141 world-cup-records:-0.19 ballon-dor:-0.158,no,24153240253230
164,Lordkipashvili,GE,Gori,,B2,10,evening,no,0.398,0.584,-0.043,italy-world-cup:0.191 bayern:0.059 netherlands-world-cup:0.157 west-germany-1974:-0.142 world-cup-germany-2006:-0.11,no,2864345737776358
165,Valeri Nachkebidze,DE,Berlin,,B4,6,daytime,no,0.625,0.67,0.21,soviet-union-world-cup:0.096 psg:0.147 00s:0.164 world-cup-italy-1990:-0.175 world-cup-kits:-0.193 world-cup-captains:-0.082,no,723633058021778
166,Temur,GE,Poti,,B1 (bottom),8,daytime,no,0.141,0.666,0.069,badges-and-logos:0.076 brazil-world-cup:0.134 uefa-euro:-0.051 liverpool:-0.111 juventus:-0.055 psg:-0.114,no,2339421033182944
167,roin,GE,Akhaltsikhe,,B2,8,evening,no,0.364,0.729,0.07,world-cup-germany-2006:0.145 league-1:0.157 real-madrid:0.083 brazil-world-cup:0.15 mexico-1970:-0.095 psg:-0.098 world-cup-finals:-0.147,no,3694015055426692
168,Niko Qavtaradze,GE,Tbilisi,,B2,2,evening,no,0.429,0.713,-0.167,world-cup-france-1998:0.122 bundes-liga:0.087 argentina-world-cup:0.067 arsenal:-0.053 portugal:-0.125 liverpool:-0.089,no,1508569178511227
169,NikushaG,GE,Telavi,,B3,8,evening,no,0.466,0.352,-0.114,bundes-liga:0.08 soviet-union-world-cup:0.066 france-world-cup:0.164 world-cup-germany-2006:-0.069 pele-world-cup:-0.177 dortmund:-0.075 argentina-world-cup:-0.187,no,526922794881302
170,paata,GE,Tbilisi,,B1 (bottom),10,evening,yes,0.083,0.691,0.205,spain:0.078 germany-world-cup:0.194 world-cup-russia-2018:0.116 england-world-cup:-0.086 football-logic:-0.171 netherlands-world-cup:-0.195,no,4436167396003278
171,guram qavtarshvili,GE,Gori,,B3,2,evening,yes,0.461,0.353,0.2,barcelona:0.174 world-cup-crests:0.155 world-cup-italy-1990:-0.107 uefa-euro:-0.163 inter-milan:-0.151,no,3345036797533574
172,Irakayika,TR,Istanbul,,B3,7,daytime,no,0.558,0.516,-0.033,brazil-world-cup:0.151 imposter:0.065 world-cup-finals:0.116 seria-a:-0.173 high-low:-0.138,no,425617363525723
173,cr7ushka,GE,Akhaltsikhe,FC Barcelona,B2,10,evening,no,0.305,0.514,0.1,badges-and-logos:0.074 argentina:0.066 world-cup-korea-japan-2002:0.059 uefa-euro:0.17 argentina-world-cup:-0.151 career-path:-0.089,no,3432762602887285
174,gigam,GE,Rustavi,,B1 (bottom),2,evening,no,0.241,0.557,-0.201,10s:0.156 badges-and-logos:0.07 barcelona:-0.117 real-madrid:-0.156,no,3540149048483957
175,Zuka Iashvili,GE,Telavi,,B3,2,evening,no,0.502,0.694,0.157,barcelona:0.127 high-low:0.132 portugal:0.058 psg:-0.113 brazil:-0.104,no,1610100415903553
176,Vaska Ubilshvili,GE,Batumi,,B3,10,morning,no,0.48,0.692,0.219,england:0.184 manchester-city:0.168 spain-world-cup:0.162 world-cup-spain-1982:0.119 80s:-0.156 world-cup-goalkeepers:-0.119,no,434049423709985
177,Davit Dvaliiani,GE,Kutaisi,,B1 (bottom),8,daytime,no,0.108,0.545,-0.287,messi-world-cup:0.191 uefa-euro:0.158 netherlands-world-cup:-0.118 world-cup:-0.079 england:-0.078,no,4468365148855023
178,Miqa Ekhvaiidze,GE,Rustavi,,B2,2,evening,no,0.367,0.762,0.102,world-cup-germany-2006:0.185 england:0.068 pele-world-cup:0.1 world-cup:-0.061 france:-0.096 ronaldo-world-cup:-0.102 world-cup-russia-2018:-0.165,no,219766924625360
179,Nugzara,GE,Rustavi,,B1 (bottom),10,evening,no,0.095,0.502,0.141,imposter:0.132 argentina-1978:0.176 world-cup-mexico-1986:0.124 chelsea:0.058 world-cup-brazil-2014:-0.161 messi-world-cup:-0.152 inter-milan:-0.188 manchester-city:-0.126,no,3251717191071864
180,paata dgebshvili,GE,Poti,,B1 (bottom),2,evening,no,0.191,0.688,0.005,bayern:0.147 world-cup-italy-1990:0.114 world-cup-stadiums:-0.077 badges-and-logos:-0.138 milan:-0.095,no,940857623839285
181,Nugzar Gvaramiani,GB,London,,B4,21,daytime,yes,0.623,0.399,0.294,world-cup-captains:0.135 world-cup-brazil-2014:0.143 barcelona:-0.103 world-cup-stadiums:-0.079,no,3459353388901537
182,Vakho Tabagadze,GE,Akhaltsikhe,,B2,10,evening,yes,0.407,0.51,-0.184,world-cup-russia-2018:0.128 world-cup-classics:0.194 manchester-united:-0.076 world-cup:-0.159 kvnb-netherlands:-0.18 80s:-0.166,no,4288362967348687
183,badri phkhoveliani,GE,Zugdidi,,B3,10,morning,no,0.509,0.454,-0.084,bayern:0.086 uefa-euro:0.189 champios-leage:0.155 premier-league:0.102 world-cup-stadiums:-0.17 90s:-0.09,no,2255564113387160
184,Gigi,GE,Rustavi,,B1 (bottom),2,evening,no,0.154,0.381,0.024,england-world-cup:0.092 high-low:0.147 ronaldo-world-cup:0.068 messi-world-cup:0.128 world-cup-records:-0.124 arsenal:-0.101,no,3320751360401660
185,Tengiz Iashviliani,GE,Akhaltsikhe,,B4,2,evening,yes,0.722,0.374,-0.05,manchester-united:0.084 world-cup:0.082 bundes-liga:0.113 mexico-1970:0.083 messi-world-cup:-0.072 west-germany-1974:-0.054 inter-milan:-0.147,no,3698051857944889
186,Genadi Nachkebadze,GE,Telavi,,B3,10,morning,no,0.554,0.844,-0.086,world-cup-south-africa-2010:0.159 manchester-city:0.07 brazil-world-cup:0.162 world-cup-records:-0.159 world-cup-crests:-0.193,no,3098064542211069
187,cr7una,GE,Batumi,,B3,21,daytime,no,0.547,0.778,0.154,career-path:0.081 world-cup-goalkeepers:0.102 inter-milan:0.144 world-cup-usa-1994:-0.109 barcelona:-0.058 portugal:-0.149,no,3800885192853482
188,Lasha Phkhoveliani,GE,Tbilisi,,B2,11,morning,yes,0.331,0.677,-0.186,inter-milan:0.124 arsenal:0.184 spain:0.137 transfers:0.082 pele-world-cup:-0.104 spain-world-cup:-0.175 germany:-0.165,no,502980811206717
189,ZARKADZE,GE,Batumi,,B2,10,morning,no,0.444,0.695,-0.195,transfers:0.074 barcelona:0.123 netherlands-world-cup:0.193 soviet-union-world-cup:0.05 champios-leage:-0.128 world-cup-finals:-0.074 liverpool:-0.193 portugal:-0.054,no,745335158959194
190,dato09,GE,Poti,,B3,2,evening,no,0.567,0.452,0.036,world-cup-italy-1990:0.1 argentina-world-cup:0.13 milan:0.12 soviet-union-world-cup:-0.051 england-world-cup:-0.098 world-cup-south-africa-2010:-0.109,no,992724103937095
191,kakhi sakvareladze,GE,Telavi,,B2,2,evening,no,0.253,0.669,0.265,world-cup-france-1998:0.105 world-cup-stadiums:0.087 world-cup-captains:0.095 maradona-world-cup:-0.166 world-cup-italy-1990:-0.077 world-cup-qatar-2022:-0.192 england:-0.145,no,1726964790927916
192,Tato Dvaliua,GE,Telavi,,B1 (bottom),7,daytime,no,0.203,0.801,0.104,bayern:0.113 netherlands-world-cup:0.058 france-world-cup:-0.19 barcelona:-0.066 argentina-world-cup:-0.196,no,3925331528904059
193,ზუკა,GE,Akhaltsikhe,,B1 (bottom),10,morning,no,0.093,0.36,0.103,world-cup:0.191 brazil:0.078 juventus:-0.095 imposter:-0.162 bundes-liga:-0.188,no,2948242272242112
194,shota peikrishidze,GE,Telavi,,B3,21,daytime,no,0.559,0.354,0.157,world-cup-classics:0.166 world-cup-italy-1990:0.188 world-cup-goalkeepers:0.149 world-cup-spain-1982:0.159 argentina-1978:-0.1 maradona-world-cup:-0.136 badges-and-logos:-0.17,no,745934400414281
195,emzarm,GE,Poti,,B3,10,evening,no,0.563,0.363,0.021,world-cup-classics:0.166 world-cup-south-africa-2010:0.191 england:0.121 world-cup-germany-2006:0.095 bayern:-0.135 world-cup-france-1998:-0.143 dortmund:-0.075 france-world-cup:-0.084,no,1755624194261907
196,niko abashvili,GE,Zugdidi,,B4,7,daytime,no,0.652,0.449,-0.243,world-cup-crests:0.104 world-cup-captains:0.053 brazil:-0.073 chelsea:-0.17 manchester-city:-0.168,no,1141205073013401
197,Uchaushka,GE,Gori,,B4,8,night_owl,no,0.658,0.619,-0.262,argentina:0.111 badges-and-logos:0.071 argentina-1978:0.146 messi-world-cup:-0.102 world-cup:-0.088 inter-milan:-0.121,no,2555558181978022
198,gio tabagshvili,GE,Tbilisi,,B3,2,evening,no,0.59,0.783,0.175,pele-world-cup:0.065 messi-world-cup:0.192 bayern:0.124 argentina:0.093 dortmund:-0.102 champios-leage:-0.197 world-cup-spain-1982:-0.151 90s:-0.189,no,293597160427958
199,ZurikoM,US,Chicago,,B3,10,morning,no,0.508,0.511,-0.196,high-low:0.143 real-madrid:0.122 league-1:0.199 world-cup-mexico-1986:0.103 england:-0.156 mexico-1970:-0.177 ballon-dor:-0.12 00s:-0.055,no,3490075660363124
200,ucha,GE,Rustavi,,B1 (bottom),6,daytime,no,0.137,0.563,-0.015,portugal:0.115 football-logic:0.055 world-cup-classics:0.119 ballon-dor:0.2 world-cup-germany-2006:-0.152 inter-milan:-0.093 arsenal:-0.121 world-cup-france-1998:-0.129,no,1451644301548192
201,Sergo,GE,Zugdidi,,B5 (top),10,evening,no,0.872,0.409,-0.198,argentina-1978:0.179 chelsea:0.075 netherlands-world-cup:0.091 brazil-world-cup:-0.182 manchester-united:-0.124,no,3794198901132555
202,mbappeika,US,Los Angeles,,B4,8,daytime,yes,0.738,0.675,-0.016,soviet-union-world-cup:0.149 argentina-1978:0.128 dortmund:0.065 bayern:-0.139 chelsea:-0.084,no,4203561606850339
203,janoushka,GE,Telavi,,B2,2,evening,no,0.261,0.715,0.145,france-world-cup:0.067 psg:0.199 ronaldo-world-cup:0.099 premier-league:-0.189 transfers:-0.063,no,512516136036105
204,vova,GE,Gori,,B2,7,daytime,no,0.326,0.512,0.036,dortmund:0.189 world-cup:0.124 ronaldo-world-cup:-0.121 la-liga:-0.094 argentina:-0.095,no,3779489637608625
205,Bidzinaiko,GE,Zugdidi,,B3,10,morning,no,0.567,0.745,-0.201,inter-milan:0.055 world-cup-stadiums:0.101 italia-italy:0.189 world-cup-usa-1994:0.094 transfers:-0.122 liverpool:-0.116,no,959387162015534
206,LelaA14,GE,Poti,,B2,10,evening,no,0.36,0.465,-0.143,spain:0.056 world-cup-italy-1990:0.125 club-world-cup:0.144 italia-italy:0.156 la-liga:-0.084 world-cup:-0.141 england-world-cup:-0.156,no,3114670978317871
207,badri qorididze,GE,Ozurgeti,,B3,10,morning,no,0.596,0.444,-0.222,80s:0.146 world-cup:0.188 world-cup-spain-1982:0.079 world-cup-goalkeepers:-0.072 chelsea:-0.091 world-cup-stadiums:-0.169 brazil:-0.14,no,4402777675243517
208,Taso Sakvareladze,GE,Kutaisi,,B3,12,morning,no,0.598,0.439,0.119,world-cup-classics:0.073 world-cup-italy-1990:0.18 transfers:0.132 ronaldo-world-cup:-0.05 kvnb-netherlands:-0.131 spain-world-cup:-0.106,no,2604729495526527
209,Kaki Peikrishvili,GE,Rustavi,,B3,10,evening,no,0.487,0.695,-0.231,mexico-1970:0.172 germany-world-cup:0.182 world-cup-spain-1982:0.126 dortmund:0.092 inter-milan:-0.132 world-cup-kits:-0.196,no,2589815573213415
210,revaz lesgshvili,GE,Batumi,,B3,2,evening,no,0.534,0.672,-0.274,brazil:0.091 world-cup-italy-1990:0.188 world-cup-brazil-2014:0.052 brazil-world-cup:-0.105 argentina-1978:-0.132 bayern:-0.124,no,3331841166729779
211,matchavarshvili,GE,Poti,,B4,2,evening,no,0.62,0.461,-0.194,manchester-united:0.134 world-cup-brazil-2014:0.105 world-cup-qatar-2022:-0.099 world-cup-usa-1994:-0.12 chelsea:-0.159,no,3681069824175096
212,Gegaika,GE,Gori,,B2,2,evening,no,0.373,0.424,0.261,world-cup-france-1998:0.198 messi-world-cup:0.064 world-cup-stadiums:0.062 world-cup-brazil-2014:0.056 inter-milan:-0.142 world-cup-germany-2006:-0.145 argentina-world-cup:-0.075 psg:-0.182,no,3275697946324515
213,Maka Tomadshvili,TR,Istanbul,,B2,2,evening,no,0.436,0.403,-0.085,manchester-united:0.187 milan:0.078 world-cup-korea-japan-2002:-0.118 portugal:-0.144,no,1972336846754614
214,legend0,GE,Batumi,,B4,2,evening,no,0.676,0.598,-0.158,seria-a:0.121 juventus:0.067 world-cup-champions:0.085 pele-world-cup:0.074 career-path:-0.06 soviet-union-world-cup:-0.179 france-world-cup:-0.16,no,3879275000392926
215,Qavtaridze,GE,Gori,,B2,12,morning,no,0.38,0.545,-0.041,football-logic:0.122 world-cup-finals:0.142 argentina-1978:-0.078 world-cup-south-africa-2010:-0.059,no,965164477146867
216,Kakhauna,GE,Tbilisi,,B3,2,evening,no,0.556,0.439,-0.129,world-cup-stadiums:0.141 world-cup-crests:0.101 ballon-dor:-0.172 world-cup-brazil-2014:-0.19 seria-a:-0.051,no,1055817647065198
217,Eldar27,GE,Akhaltsikhe,,B3,8,night_owl,no,0.554,0.737,-0.12,pele-world-cup:0.051 brazil:0.136 germany-world-cup:-0.148 ballon-dor:-0.076 west-germany-1974:-0.161 england:-0.159,no,1854324796337171
218,tako tseretelishvili,GE,Akhaltsikhe,,B3,2,evening,no,0.581,0.565,0.251,soviet-union-world-cup:0.124 world-cup-stadiums:0.191 world-cup-italy-1990:-0.107 uefa-euro:-0.162 ballon-dor:-0.177 world-cup-russia-2018:-0.108,no,1179782094993716
219,Vakho Bebershvili,GE,Kutaisi,,B2,2,evening,no,0.371,0.351,-0.261,football-logic:0.053 argentina-world-cup:0.128 world-cup-germany-2006:0.15 juventus:-0.192 england-world-cup:-0.162 brazil:-0.177 world-cup-classics:-0.19,yes,2545748538023006
220,zurikoka,GE,Batumi,,B2,7,daytime,no,0.365,0.801,-0.115,10s:0.129 premier-league:0.068 world-cup-mexico-1986:-0.118 manchester-city:-0.126 bundes-liga:-0.096,no,2177207513597285
221,Sopho Imnadzeli,GE,Tbilisi,,B2,11,morning,no,0.438,0.775,0.193,la-liga:0.186 seria-a:0.184 manchester-city:-0.157 spain-world-cup:-0.119 world-cup-crests:-0.179,no,1949082697172988
222,IrakayZ,GE,Rustavi,,B3,10,evening,no,0.453,0.552,0.189,world-cup-qatar-2022:0.163 badges-and-logos:0.129 france:0.172 germany-world-cup:0.099 career-path:-0.054 world-cup-usa-1994:-0.057,no,2099679204755581
223,shalvat,GE,Kutaisi,,B5 (top),6,daytime,yes,0.801,0.402,-0.18,bundes-liga:0.117 spain-world-cup:0.13 france-world-cup:0.18 world-cup-spain-1982:0.059 kvnb-netherlands:-0.176 high-low:-0.121 bayern:-0.095,no,1416394850023813
224,khatiaika,TR,Ankara,,B2,7,daytime,yes,0.384,0.517,0.088,mexico-1970:0.138 argentina-world-cup:0.091 messi-world-cup:-0.129 liverpool:-0.129,no,844303072741949
225,kublashvili,GE,Zugdidi,,B4,11,morning,no,0.63,0.821,-0.188,manchester-united:0.153 portugal:0.148 argentina:0.106 barcelona:0.155 world-cup-goalkeepers:-0.18 arsenal:-0.094 world-cup-finals:-0.176 league-1:-0.152,no,2400908060212855
226,Gigi Chkhartidze,GE,Tbilisi,,B5 (top),2,evening,no,0.797,0.609,0.109,argentina-1978:0.175 mexico-1970:0.064 west-germany-1974:0.085 career-path:0.193 world-cup-spain-1982:-0.165 arsenal:-0.115,no,1416066608984723
227,irakayn,GE,Telavi,,B2,8,evening,yes,0.359,0.667,-0.19,argentina-world-cup:0.179 club-world-cup:0.111 badges-and-logos:0.091 world-cup-france-1998:-0.195 world-cup-records:-0.073 pele-world-cup:-0.179 england:-0.088,no,1361265838644065
228,Zaza Avalashvili,GE,Gori,,B2,10,evening,no,0.317,0.751,-0.183,chelsea:0.055 world-cup-brazil-2014:0.073 england:-0.055 world-cup:-0.148,no,3960494896534139
229,nikom,GE,Ozurgeti,,B3,10,evening,no,0.557,0.395,-0.076,world-cup-goalkeepers:0.058 portugal:0.11 milan:-0.122 inter-milan:-0.111 argentina:-0.198 world-cup-captains:-0.106,no,1493108209542259
230,Temol1,GE,Rustavi,,B3,10,morning,no,0.576,0.501,-0.035,spain:0.148 football-logic:0.131 world-cup-stadiums:0.093 brazil:0.072 argentina-1978:-0.148 world-cup-korea-japan-2002:-0.179 france:-0.082,no,4065706568338116
231,artetaka,GE,Rustavi,,B2,10,evening,no,0.299,0.738,-0.153,bundes-liga:0.063 brazil:0.119 dortmund:0.096 football-logic:0.071 world-cup-brazil-2014:-0.16 england-world-cup:-0.113 messi-world-cup:-0.06,no,2017835973159280
232,ZURIKO DGEBSHVILI,GE,Telavi,,B4,11,morning,yes,0.645,0.523,-0.113,football-logic:0.176 world-cup-champions:0.057 manchester-united:-0.089 bundes-liga:-0.147,no,731264316535152
233,keti,DE,Berlin,,B2,7,daytime,yes,0.427,0.735,0.248,england-world-cup:0.1 argentina-world-cup:0.154 world-cup-south-africa-2010:-0.141 portugal:-0.185,no,636117762646352
234,Kakhi Tabagashvili,GE,Batumi,,B4,6,daytime,no,0.642,0.467,0.282,world-cup-goalkeepers:0.062 arsenal:0.103 kvnb-netherlands:0.102 world-cup-crests:0.18 spain:-0.163 imposter:-0.064 inter-milan:-0.066,no,3654115560618516
235,zaza sanikshvili,GE,Akhaltsikhe,,B3,6,daytime,no,0.577,0.713,0.298,world-cup:0.072 premier-league:0.1 italia-italy:-0.066 england-world-cup:-0.198 inter-milan:-0.096,no,1735784688000928
236,Mananaiko,GE,Kutaisi,,B4,8,evening,no,0.656,0.666,-0.261,mexico-1970:0.133 football-logic:0.101 world-cup-crests:0.087 world-cup-champions:0.124 messi-world-cup:-0.199 champios-leage:-0.159 argentina:-0.088,no,3846102100251214
237,Oto Turashvili,GE,Gori,,B3,21,daytime,no,0.459,0.452,-0.193,imposter:0.128 manchester-city:0.17 bayern:0.115 premier-league:-0.107 high-low:-0.054 chelsea:-0.164 world-cup-captains:-0.186,no,1180388660246289
238,JabaM1,GE,Poti,,B3,2,evening,no,0.498,0.504,-0.285,bundes-liga:0.147 real-madrid:0.056 psg:-0.059 world-cup-russia-2018:-0.085 world-cup-brazil-2014:-0.108 imposter:-0.129,no,185818185555101
239,Gugu,GE,Ozurgeti,,B3,20,evening,no,0.463,0.384,0.01,uefa-euro:0.16 milan:0.167 00s:-0.065 world-cup-stadiums:-0.2 portugal:-0.135,no,1491337121757776
240,zuka dvaliidze32,GE,Gori,,B2,10,evening,no,0.255,0.494,-0.131,bundes-liga:0.12 barcelona:0.106 germany-world-cup:-0.185 world-cup-captains:-0.107 club-world-cup:-0.09,no,788183654945405
241,temuriuna.goat,GE,Poti,,B3,8,daytime,no,0.567,0.472,0.205,france-world-cup:0.141 career-path:0.196 world-cup-brazil-2014:-0.189 real-madrid:-0.179 argentina-world-cup:-0.06 barcelona:-0.159,no,468002336013191
242,Taso Iremashava,GE,Poti,,B2,10,evening,no,0.339,0.465,0.216,world-cup-champions:0.186 italy-world-cup:0.068 maradona-world-cup:0.116 world-cup-captains:-0.105 high-low:-0.154 00s:-0.078 soviet-union-world-cup:-0.05,yes,1934458238059046
243,Eka Bochorua,TR,Izmir,,B1 (bottom),21,daytime,no,0.059,0.722,0.221,world-cup-captains:0.173 italia-italy:0.107 seria-a:0.101 ronaldo-world-cup:0.122 00s:-0.104 world-cup-usa-1994:-0.19 liverpool:-0.097 champios-leage:-0.158,no,2431808274831535
244,გიო,GE,Batumi,,B3,7,daytime,yes,0.513,0.779,0.016,argentina:0.169 league-1:0.176 italy-world-cup:0.053 world-cup-finals:0.068 00s:-0.189 football-logic:-0.068 world-cup-goalkeepers:-0.064,no,1527449514483119
245,nikod,GE,Ozurgeti,,B2,10,morning,no,0.43,0.396,-0.133,ronaldo-world-cup:0.079 la-liga:0.096 germany-world-cup:0.178 world-cup-russia-2018:0.085 high-low:-0.159 world-cup-finals:-0.145 ballon-dor:-0.103 portugal:-0.051,no,3302037255694281
246,gurama1,GE,Zugdidi,,B2,11,morning,no,0.279,0.635,-0.242,argentina-1978:0.113 la-liga:0.073 netherlands-world-cup:-0.123 world-cup-spain-1982:-0.068 manchester-city:-0.132 kvnb-netherlands:-0.121,no,3118787941248097
247,genadi tseretelishvili,GE,Tbilisi,,B3,2,evening,no,0.578,0.539,0.231,brazil-world-cup:0.171 club-world-cup:0.061 world-cup-crests:0.136 soviet-union-world-cup:-0.189 psg:-0.071,no,2811582101927300
248,Toko,GE,Zugdidi,,B3,8,evening,yes,0.507,0.473,0.059,transfers:0.102 uefa-euro:0.132 world-cup-germany-2006:0.123 club-world-cup:-0.073 80s:-0.133,no,1807207711152368
249,Nutsa Gogichadze1,GE,Tbilisi,,B2,8,evening,no,0.346,0.714,-0.172,manchester-united:0.191 champios-leage:0.06 pele-world-cup:0.104 world-cup-mexico-1986:0.09 soviet-union-world-cup:-0.075 milan:-0.131 germany:-0.176,no,202608628273616
250,Valeriiko,GE,Rustavi,,B1 (bottom),2,evening,no,0.093,0.454,0.14,argentina:0.112 world-cup-finals:0.072 world-cup-champions:-0.093 seria-a:-0.077 world-cup-usa-1994:-0.122,no,4206963025609541
251,BACHO QAVTARAVA,GE,Telavi,,B4,21,daytime,no,0.635,0.714,0.119,world-cup-champions:0.103 argentina-world-cup:0.19 world-cup-germany-2006:-0.118 france:-0.175,no,2820792661551416
252,vidal2,GE,Gori,,B5 (top),2,evening,no,0.803,0.657,0.187,world-cup-brazil-2014:0.178 argentina:0.173 world-cup-italy-1990:0.178 germany:-0.061 ronaldo-world-cup:-0.153 spain:-0.141 liverpool:-0.067,no,3202585883180718
253,iuri peikrishvili,GR,Thessaloniki,,B3,7,daytime,no,0.511,0.549,-0.041,brazil-world-cup:0.081 netherlands-world-cup:0.138 badges-and-logos:0.149 bundes-liga:-0.051 milan:-0.056 league-1:-0.167 liverpool:-0.158,no,3411242434995001
254,gio samkharshvili,GE,Zugdidi,,B3,11,morning,no,0.529,0.496,-0.19,brazil-world-cup:0.178 10s:0.172 spain:0.14 germany:0.191 manchester-united:-0.094 world-cup-mexico-1986:-0.11,no,1198612250183552
255,marjanas111,GE,Batumi,,B4,2,evening,no,0.738,0.847,-0.073,brazil:0.172 france:0.081 maradona-world-cup:0.057 spain:-0.187 world-cup-brazil-2014:-0.055,no,4502233262251096
256,Konstantine Vashalashvili15,GE,Tbilisi,,B1 (bottom),2,evening,no,0.232,0.789,-0.262,argentina:0.171 world-cup-germany-2006:0.179 world-cup-france-1998:0.089 world-cup-classics:-0.157 argentina-1978:-0.074 manchester-city:-0.07 league-1:-0.125,no,3515444955103781
257,Tokoa,GE,Tbilisi,,B2,8,evening,no,0.271,0.746,0.22,brazil-world-cup:0.072 psg:0.199 juventus:0.102 soviet-union-world-cup:-0.089 world-cup-kits:-0.171 netherlands-world-cup:-0.188 10s:-0.179,no,1088707009970316
258,paatas,GE,Rustavi,,B2,10,evening,no,0.339,0.71,-0.084,pele-world-cup:0.195 world-cup-classics:0.176 10s:-0.066 world-cup-finals:-0.105,no,1282250793815900
259,Lado Mamulidze,GB,London,Manchester United,B4,6,daytime,no,0.708,0.601,-0.218,argentina-1978:0.16 netherlands-world-cup:0.1 premier-league:0.09 club-world-cup:-0.195 world-cup-captains:-0.066,no,47121303354306
260,Taso Shengelshvili,GE,Kutaisi,,B2,11,morning,no,0.425,0.636,0.273,messi-world-cup:0.082 world-cup-goalkeepers:0.178 manchester-united:0.054 manchester-city:-0.099 world-cup-spain-1982:-0.131,no,3353158234475782
261,levan tseretelishvili,GE,Gori,,B1 (bottom),8,evening,no,0.221,0.779,0.138,spain-world-cup:0.067 germany-world-cup:0.117 mexico-1970:-0.182 france:-0.148,no,285981794412885
262,gigad,GE,Telavi,,B2,6,daytime,no,0.257,0.617,-0.045,world-cup-crests:0.131 dortmund:0.124 world-cup-south-africa-2010:0.108 argentina-world-cup:0.141 maradona-world-cup:-0.051 argentina:-0.191 psg:-0.113,no,3373687366216372
263,Zazaushka,GE,Tbilisi,,B2,8,evening,no,0.272,0.694,0.223,world-cup-italy-1990:0.06 germany:0.165 france:-0.196 world-cup-finals:-0.087,no,4501802902570477
264,tazon,GE,Batumi,,B2,6,daytime,no,0.359,0.599,-0.127,world-cup-stadiums:0.074 messi-world-cup:0.087 liverpool:0.118 juventus:-0.194 world-cup-russia-2018:-0.156 10s:-0.088 maradona-world-cup:-0.08,no,2364011697003453
265,გუგა,GE,Tbilisi,,B3,7,daytime,no,0.538,0.597,-0.095,juventus:0.193 la-liga:0.126 career-path:0.087 dortmund:-0.135 inter-milan:-0.13,no,3435313108455432
266,trequarti,ES,Madrid,,B2,2,evening,yes,0.288,0.455,0.093,world-cup:0.116 spain:0.19 dortmund:0.199 10s:0.163 england-world-cup:-0.122 high-low:-0.055,no,1248757345465388
267,Soso Bochoreli,US,New York,,B1 (bottom),6,daytime,no,0.242,0.803,-0.227,world-cup-mexico-1986:0.185 argentina-1978:0.198 world-cup-classics:0.117 world-cup-crests:-0.172 spain-world-cup:-0.115 world-cup-champions:-0.077 badges-and-logos:-0.082,no,2245957510277573
268,Guga Mamulshvili,GE,Ozurgeti,,B1 (bottom),8,evening,no,0.16,0.848,0.223,world-cup-usa-1994:0.159 argentina-1978:0.16 arsenal:-0.098 portugal:-0.118 seria-a:-0.06 pele-world-cup:-0.154,no,2825226912047120
269,Teimurazushka,GE,Telavi,,B3,10,morning,no,0.558,0.479,0.215,world-cup-goalkeepers:0.078 argentina-1978:0.113 uefa-euro:-0.161 pele-world-cup:-0.157 world-cup-stadiums:-0.067 germany:-0.175,yes,3535141823253263
270,mamukao,GE,Ozurgeti,,B4,6,daytime,yes,0.653,0.483,-0.218,england-world-cup:0.066 inter-milan:0.114 mexico-1970:0.17 argentina:-0.163 liverpool:-0.051 soviet-union-world-cup:-0.057 world-cup-south-africa-2010:-0.152,no,734290813739177
271,messika,GR,Athens,,B3,6,daytime,no,0.515,0.833,0.088,world-cup-crests:0.132 france-world-cup:0.063 world-cup:-0.129 soviet-union-world-cup:-0.159 world-cup-stadiums:-0.137,no,1121220530585872
272,Sopho,ES,Madrid,,B5 (top),10,evening,no,0.821,0.762,0.157,world-cup:0.175 france-world-cup:0.092 world-cup-russia-2018:0.055 juventus:-0.19 argentina-world-cup:-0.161,no,3423051141584816
273,baller,GE,Zugdidi,,B2,8,evening,no,0.351,0.793,0.135,soviet-union-world-cup:0.079 world-cup-stadiums:0.063 world-cup-kits:0.179 world-cup-south-africa-2010:0.146 world-cup-finals:-0.124 transfers:-0.176 liverpool:-0.172,no,4301992762524613
274,Tengizushka,GE,Ozurgeti,,B3,7,daytime,no,0.551,0.474,0.058,milan:0.156 pele-world-cup:0.105 ronaldo-world-cup:-0.129 world-cup-crests:-0.124,no,2881981890749733
275,Dgebava,GE,Akhaltsikhe,,B2,7,daytime,no,0.326,0.448,-0.111,80s:0.084 world-cup-germany-2006:0.07 manchester-united:0.157 messi-world-cup:-0.132 world-cup-goalkeepers:-0.174 brazil-world-cup:-0.184,no,2486456944353230
276,sulkhan09,ES,Barcelona,,B2,10,morning,no,0.268,0.546,-0.182,argentina:0.064 france-world-cup:0.14 ronaldo-world-cup:0.18 world-cup-usa-1994:0.144 world-cup-italy-1990:-0.108 10s:-0.159 england-world-cup:-0.134 west-germany-1974:-0.191,no,1524466804217869
277,PaataM,GB,Manchester,,B4,2,evening,no,0.726,0.531,0.017,spain:0.052 world-cup-goalkeepers:0.086 france-world-cup:0.185 mexico-1970:0.121 world-cup-records:-0.064 world-cup-mexico-1986:-0.085,no,4399194257226046
278,Abashvili,GE,Telavi,,B4,21,daytime,no,0.629,0.605,-0.126,world-cup-usa-1994:0.101 world-cup:0.162 90s:0.128 inter-milan:0.101 argentina-1978:-0.157 football-logic:-0.184 world-cup-finals:-0.072,no,2658110557742343
279,maradona09,ES,Barcelona,,B1 (bottom),10,evening,no,0.068,0.47,0.218,world-cup-russia-2018:0.095 psg:0.15 italy-world-cup:-0.052 badges-and-logos:-0.106 world-cup-italy-1990:-0.119 football-logic:-0.139,no,2594124277308911
280,Rati Ubilua,GE,Ozurgeti,,B3,10,evening,no,0.586,0.491,-0.183,germany-world-cup:0.191 club-world-cup:0.091 manchester-city:0.16 world-cup-usa-1994:-0.101 england:-0.158 world-cup-captains:-0.113 france-world-cup:-0.175,no,3936970884847493
281,maka zhvanadze,GE,Kutaisi,,B1 (bottom),2,evening,no,0.102,0.467,0.033,imposter:0.148 france:0.122 world-cup-south-africa-2010:0.178 world-cup-brazil-2014:0.118 uefa-euro:-0.166 real-madrid:-0.141,no,2261118136609293
282,teaika,GE,Ozurgeti,,B1 (bottom),6,daytime,no,0.07,0.795,-0.254,psg:0.138 world-cup-kits:0.069 club-world-cup:0.167 world-cup-spain-1982:0.175 world-cup:-0.093 manchester-united:-0.091 seria-a:-0.08,no,324536889383569
283,Zaal,ES,Madrid,,B2,2,evening,yes,0.36,0.351,-0.092,manchester-united:0.125 world-cup-spain-1982:0.136 bundes-liga:-0.101 world-cup-captains:-0.11 world-cup-brazil-2014:-0.094,no,4100083441985483
284,ShalvaB,GE,Telavi,,B4,8,evening,no,0.61,0.603,-0.161,arsenal:0.167 italia-italy:0.122 soviet-union-world-cup:0.071 portugal:-0.149 world-cup-crests:-0.152 england:-0.169 club-world-cup:-0.192,no,3410614718580636
285,Khatia Kiknshvili,GE,Ozurgeti,,B4,13,morning,no,0.657,0.396,0.035,high-low:0.192 club-world-cup:0.187 world-cup-mexico-1986:0.057 world-cup-france-1998:0.056 world-cup-south-africa-2010:-0.059 argentina-world-cup:-0.059 transfers:-0.111 world-cup-captains:-0.06,no,526559330327978
286,Tornik14,GE,Tbilisi,,B1 (bottom),13,morning,no,0.162,0.828,-0.155,world-cup-mexico-1986:0.075 world-cup-finals:0.174 world-cup-germany-2006:-0.121 juventus:-0.083 manchester-city:-0.063,yes,4452096167880572
287,Elene Qoridava,GE,Ozurgeti,,B4,20,evening,yes,0.743,0.781,0.079,10s:0.057 brazil:0.112 germany-world-cup:0.101 manchester-city:0.168 seria-a:-0.179 argentina-1978:-0.058 germany:-0.119,no,3855616717310734
288,kakaka,GB,Manchester,,B3,10,evening,no,0.487,0.492,-0.005,brazil:0.054 imposter:0.121 argentina:0.108 world-cup-france-1998:0.166 champios-leage:-0.167 arsenal:-0.056 psg:-0.078 bundes-liga:-0.161,no,1186890243359645
289,vidala,GE,Gori,,B2,7,daytime,no,0.286,0.641,-0.28,world-cup-russia-2018:0.189 liverpool:0.108 champios-leage:-0.119 world-cup-south-africa-2010:-0.091 10s:-0.182 messi-world-cup:-0.17,no,1171964739295103
290,Shota Ubilshvili,GE,Gori,,B3,8,evening,yes,0.582,0.849,0.12,world-cup-captains:0.119 world-cup-goalkeepers:0.165 world-cup-finals:-0.102 world-cup-south-africa-2010:-0.119,no,3800925292182927
291,Gochaka,GE,Akhaltsikhe,,B3,2,evening,no,0.529,0.652,-0.264,world-cup-south-africa-2010:0.066 england-world-cup:0.154 world-cup-qatar-2022:0.125 imposter:-0.079 germany:-0.107 uefa-euro:-0.084,no,161063993061791
292,Sopho Onianiidze,GB,London,,B3,2,evening,no,0.502,0.53,-0.276,liverpool:0.164 la-liga:0.127 uefa-euro:0.139 world-cup-classics:0.179 arsenal:-0.083 real-madrid:-0.127,no,1852813031880846
293,Genadi Zumbulshvili,GE,Zugdidi,,B2,6,daytime,no,0.404,0.525,-0.11,argentina-world-cup:0.096 brazil-world-cup:0.055 milan:-0.166 arsenal:-0.16,no,965322913519718
294,catenaccio,GE,Batumi,,B3,2,evening,no,0.572,0.429,-0.258,world-cup-records:0.181 ballon-dor:0.176 transfers:0.128 world-cup-kits:-0.088 italia-italy:-0.053,no,1168707967912697
295,ZukaB,US,Los Angeles,,B1 (bottom),6,daytime,no,0.239,0.489,0.134,arsenal:0.173 argentina-world-cup:0.133 bayern:0.138 80s:0.168 manchester-united:-0.138 world-cup-goalkeepers:-0.166 career-path:-0.089 real-madrid:-0.052,no,428501789277374
296,Irakli Bakurshvili,GE,Telavi,,B1 (bottom),2,evening,no,0.103,0.476,-0.19,ballon-dor:0.148 world-cup-kits:0.078 10s:0.149 uefa-euro:0.184 italy-world-cup:-0.066 world-cup-germany-2006:-0.062,no,4475583123098469
297,soso,GE,Kutaisi,,B2,21,daytime,no,0.376,0.784,-0.111,france:0.137 transfers:0.086 milan:0.117 netherlands-world-cup:0.056 england:-0.148 world-cup-italy-1990:-0.12 world-cup-france-1998:-0.118 brazil-world-cup:-0.149,no,728947950170735
298,maka phkhovelidze,GE,Zugdidi,,B2,10,evening,no,0.316,0.647,0.012,champios-leage:0.059 world-cup-finals:0.187 brazil-world-cup:-0.11 world-cup-crests:-0.192 soviet-union-world-cup:-0.133 world-cup:-0.074,no,1755782125328869
299,Giga Dolidze,GE,Akhaltsikhe,,B3,2,evening,no,0.548,0.548,0.17,psg:0.085 italia-italy:0.118 arsenal:0.114 club-world-cup:0.075 world-cup-captains:-0.199 spain:-0.135,no,2681993380176468
300,Nugo Mikashvili,GE,Zugdidi,,B3,10,evening,no,0.461,0.825,-0.069,world-cup-italy-1990:0.194 90s:0.099 world-cup:0.084 argentina-1978:0.126 arsenal:-0.054 manchester-city:-0.192 barcelona:-0.101,no,552008286679875
301,Mikheil Beridzshvili,GE,Ozurgeti,,B1 (bottom),7,daytime,no,0.073,0.552,0.119,world-cup:0.129 psg:0.186 germany:-0.138 milan:-0.117 barcelona:-0.196,no,710209124378090
302,Sopo Natenadidze,GE,Gori,,B5 (top),8,evening,no,0.809,0.425,-0.009,liverpool:0.165 world-cup-france-1998:0.07 argentina-1978:0.082 world-cup-kits:0.134 psg:-0.082 dortmund:-0.078,no,2365533091264410
303,mikheiliko,GE,Zugdidi,,B4,10,evening,no,0.738,0.635,0.29,world-cup-stadiums:0.171 world-cup:0.132 bayern:0.188 portugal:-0.161 bundes-liga:-0.194 kvnb-netherlands:-0.061 world-cup-records:-0.175,no,1272645439347621
304,arteta14,GE,Poti,,B2,8,daytime,no,0.408,0.644,-0.051,world-cup-italy-1990:0.153 world-cup-spain-1982:0.056 bayern:0.055 80s:0.163 inter-milan:-0.079 argentina-world-cup:-0.127 imposter:-0.156,no,2655836518763115
305,Marjanauna,GE,Tbilisi,,B3,7,daytime,no,0.532,0.625,0.215,manchester-city:0.175 bundes-liga:0.124 france-world-cup:0.175 germany-world-cup:0.15 england:-0.167 career-path:-0.17 arsenal:-0.103 manchester-united:-0.122,no,741275142814686
306,Tasoika2,GE,Akhaltsikhe,,B4,10,evening,no,0.617,0.587,0.171,la-liga:0.102 badges-and-logos:0.098 bayern:0.15 italia-italy:0.068 seria-a:-0.1 real-madrid:-0.084 football-logic:-0.113,no,4127670046625044
307,Vephkhvidze,ES,Barcelona,,B3,2,evening,yes,0.541,0.713,0.224,bayern:0.175 10s:0.123 world-cup-brazil-2014:0.159 spain:-0.13 spain-world-cup:-0.161 argentina-world-cup:-0.164 world-cup-france-1998:-0.14,yes,986661468667505
308,Givika,GE,Batumi,,B3,6,daytime,no,0.491,0.468,-0.009,argentina-1978:0.181 world-cup-qatar-2022:0.183 world-cup-usa-1994:0.141 10s:0.099 90s:-0.096 world-cup-spain-1982:-0.074 pele-world-cup:-0.104,no,1734249497480531
309,rezo chiradidze,GE,Poti,,B1 (bottom),8,evening,no,0.073,0.602,0.245,world-cup-brazil-2014:0.176 world-cup-stadiums:0.145 real-madrid:0.162 soviet-union-world-cup:-0.154 france:-0.145,no,1812547950688151
310,Jaba Ubilidze,GE,Gori,,B3,6,daytime,no,0.588,0.802,0.299,argentina-world-cup:0.115 club-world-cup:0.052 france:0.169 kvnb-netherlands:0.192 imposter:-0.15 maradona-world-cup:-0.113 pele-world-cup:-0.104 spain:-0.098,no,1690779407688091
311,zura lesgua692,US,Chicago,,B3,8,night_owl,no,0.467,0.619,0.098,england:0.121 world-cup-brazil-2014:0.092 football-logic:-0.151 world-cup-finals:-0.099 england-world-cup:-0.092,no,2602823093323480
312,takot,GE,Akhaltsikhe,,B3,7,daytime,no,0.509,0.541,0.195,bayern:0.144 real-madrid:0.157 chelsea:0.166 england:-0.054 career-path:-0.063,no,2099787117401599
313,Guram25,GE,Batumi,,B2,8,evening,no,0.279,0.737,-0.031,world-cup-captains:0.133 ballon-dor:0.127 world-cup-champions:0.104 italia-italy:-0.084 chelsea:-0.19 world-cup-classics:-0.188 league-1:-0.125,no,1780073448861516
314,Temoo,GE,Zugdidi,,B2,12,morning,no,0.359,0.604,-0.216,argentina:0.19 imposter:0.053 00s:0.125 world-cup:0.087 juventus:-0.185 maradona-world-cup:-0.196 spain:-0.168 psg:-0.2,no,2038865879139561
315,Vaskaiko,GE,Telavi,,B3,6,daytime,no,0.516,0.597,0.161,france-world-cup:0.11 10s:0.187 manchester-united:0.155 mexico-1970:0.167 world-cup-south-africa-2010:-0.084 high-low:-0.173,no,2747812853867957
316,GiviZ,GE,Ozurgeti,,B4,2,evening,yes,0.615,0.684,-0.133,world-cup-mexico-1986:0.155 world-cup-classics:0.16 pele-world-cup:-0.191 world-cup-usa-1994:-0.084 italy-world-cup:-0.141,no,2272405499147242
317,cr7ika,GE,Kutaisi,,B1 (bottom),8,evening,no,0.213,0.772,-0.272,champios-leage:0.144 transfers:0.16 manchester-city:0.103 mexico-1970:-0.096 england-world-cup:-0.144,no,1254248665581348
318,Nodar Vashaladze,GE,Tbilisi,,B2,2,evening,yes,0.297,0.463,-0.193,bundes-liga:0.117 italia-italy:0.079 argentina:0.09 manchester-city:0.064 world-cup-germany-2006:-0.198 manchester-united:-0.115 milan:-0.192 high-low:-0.19,no,334685969462180
319,Kukuri,GE,Rustavi,,B3,8,night_owl,no,0.482,0.623,-0.011,argentina-world-cup:0.173 world-cup-crests:0.069 bayern:0.058 pele-world-cup:-0.054 dortmund:-0.067,no,2524291324454318
320,libero,GE,Ozurgeti,,B3,6,daytime,no,0.457,0.517,-0.29,world-cup-goalkeepers:0.097 world-cup-spain-1982:0.123 milan:-0.192 pele-world-cup:-0.101 argentina:-0.19,no,706265566752065
321,Kldiashvili23,GE,Tbilisi,,B2,10,evening,no,0.391,0.578,0.105,world-cup-goalkeepers:0.083 manchester-united:0.177 portugal:0.116 world-cup-korea-japan-2002:0.139 champios-leage:-0.055 pele-world-cup:-0.125 world-cup-finals:-0.129,yes,4041003973395502
322,Sosoushka,GE,Kutaisi,,B1 (bottom),6,daytime,no,0.203,0.842,0.226,world-cup-crests:0.055 spain:0.081 world-cup-brazil-2014:0.137 liverpool:0.073 transfers:-0.078 bayern:-0.157,no,193918741883732
323,nikushaika,GE,Poti,,B3,13,morning,no,0.558,0.781,0.298,world-cup-qatar-2022:0.077 world-cup-goalkeepers:0.118 inter-milan:0.097 england-world-cup:0.07 france-world-cup:-0.106 seria-a:-0.174 germany:-0.133,no,763410164887524
324,rezoiko4,GE,Zugdidi,,B2,10,evening,no,0.331,0.552,0.178,inter-milan:0.12 world-cup-kits:0.199 france-world-cup:-0.195 messi-world-cup:-0.096 netherlands-world-cup:-0.137,no,982383014981447
325,Pridonka,GE,Zugdidi,,B3,6,daytime,no,0.479,0.743,-0.243,manchester-city:0.135 soviet-union-world-cup:0.176 bayern:-0.179 england:-0.11 bundes-liga:-0.126 germany-world-cup:-0.195,no,1956206874432194
326,Vakho Tsalugeladze,GE,Tbilisi,,B3,2,evening,yes,0.568,0.442,0.078,liverpool:0.191 france-world-cup:0.177 00s:0.178 80s:0.168 mexico-1970:-0.103 real-madrid:-0.126 psg:-0.104 la-liga:-0.057,no,2790264779979564
327,zazab,GE,Zugdidi,,B2,6,daytime,no,0.356,0.668,0.093,world-cup-records:0.097 00s:0.085 argentina:-0.166 football-logic:-0.088 uefa-euro:-0.163 high-low:-0.149,no,4464563349056838
328,Levanika,GE,Telavi,,B4,7,daytime,no,0.644,0.538,0.164,manchester-city:0.108 liverpool:0.161 italy-world-cup:0.102 chelsea:-0.162 real-madrid:-0.174,no,2943422983157983
329,Gigi Eliashidze,GE,Batumi,,B2,10,evening,no,0.27,0.626,-0.074,brazil-world-cup:0.122 world-cup-spain-1982:0.147 real-madrid:0.144 world-cup-qatar-2022:-0.16 world-cup-germany-2006:-0.089 world-cup-france-1998:-0.188,no,1728211833241938
330,koka lordkipaadze,GE,Gori,,B3,2,evening,no,0.523,0.432,0.232,dortmund:0.077 argentina-world-cup:0.073 career-path:0.06 00s:0.142 world-cup-kits:-0.059 90s:-0.098 ballon-dor:-0.083,no,3670974255436661
331,Tazo Inasarshvili,GE,Batumi,,B3,2,evening,no,0.584,0.682,0.222,world-cup-italy-1990:0.16 90s:0.188 ballon-dor:0.081 netherlands-world-cup:-0.133 transfers:-0.127 psg:-0.189,no,4186313426074566
332,NikolozG,GE,Zugdidi,,B1 (bottom),2,evening,yes,0.061,0.721,-0.059,club-world-cup:0.183 world-cup-captains:0.113 world-cup-brazil-2014:0.071 world-cup-champions:0.185 brazil:-0.066 kvnb-netherlands:-0.127 world-cup-crests:-0.122 10s:-0.061,no,1070923889559127
333,Gigaika,GE,Poti,,B3,8,evening,no,0.576,0.403,0.061,club-world-cup:0.112 world-cup-usa-1994:0.138 england:-0.065 bayern:-0.112 manchester-city:-0.093 world-cup-italy-1990:-0.081,no,1424863225135792
334,JabaT,GE,Batumi,,B3,8,evening,yes,0.522,0.666,0.284,80s:0.147 world-cup-stadiums:0.082 argentina:-0.14 high-low:-0.105 world-cup-russia-2018:-0.075,no,333316416147928
335,grishauna09,GE,Rustavi,,B2,6,daytime,no,0.281,0.375,0.106,world-cup-champions:0.073 world-cup-russia-2018:0.052 bayern:0.139 badges-and-logos:-0.077 world-cup-korea-japan-2002:-0.069 world-cup-goalkeepers:-0.184,no,3345606193470911
336,valeri ubilidze,GE,Telavi,,B3,2,evening,no,0.518,0.353,0.295,pele-world-cup:0.056 bayern:0.087 manchester-city:0.074 brazil-world-cup:0.059 bundes-liga:-0.125 00s:-0.053,no,2271219150654010
337,Giga Mgelshvili,US,Los Angeles,,B2,2,evening,no,0.306,0.44,0.109,barcelona:0.062 germany-world-cup:0.095 ronaldo-world-cup:0.07 10s:-0.051 brazil:-0.065,no,3788962675780445
338,Zazaiko,GE,Tbilisi,,B2,10,evening,no,0.387,0.385,0.006,barcelona:0.1 world-cup-italy-1990:0.071 soviet-union-world-cup:0.195 la-liga:0.118 80s:-0.127 career-path:-0.138 portugal:-0.097 transfers:-0.132,yes,2029523547412239
339,vaso eliashvili,GE,Ozurgeti,,B4,8,night_owl,no,0.638,0.694,0.135,manchester-united:0.175 chelsea:0.198 league-1:-0.186 france-world-cup:-0.08 west-germany-1974:-0.115 brazil:-0.068,no,3911044601010035
340,LelaL69,GE,Poti,,B4,2,evening,no,0.616,0.776,-0.076,world-cup-south-africa-2010:0.172 world-cup-france-1998:0.167 germany-world-cup:0.169 club-world-cup:-0.061 france-world-cup:-0.157,no,3720913970405172
341,BubaR99,GE,Poti,,B4,8,evening,yes,0.661,0.712,0.003,world-cup-goalkeepers:0.173 italy-world-cup:0.077 uefa-euro:-0.121 world-cup-finals:-0.064,no,23784535541057
342,Sandroika14,GE,Kutaisi,,B5 (top),10,evening,no,0.77,0.816,0.174,ronaldo-world-cup:0.183 career-path:0.181 barcelona:-0.148 france:-0.11,no,1015945199838344
343,Bacho Arakiua,GB,Manchester,,B1 (bottom),2,evening,no,0.228,0.673,-0.27,germany:0.114 france-world-cup:0.088 high-low:0.167 dortmund:0.155 real-madrid:-0.069 badges-and-logos:-0.173 champios-leage:-0.137,no,2760162539305908
344,malkhazl,GE,Tbilisi,,B4,6,daytime,no,0.686,0.649,-0.061,brazil-world-cup:0.098 liverpool:0.094 club-world-cup:0.097 world-cup-goalkeepers:-0.124 manchester-city:-0.14 france-world-cup:-0.106 football-logic:-0.096,no,1912892784837268
345,mikheilt,ES,Madrid,,B2,2,evening,no,0.449,0.701,-0.278,world-cup-stadiums:0.17 10s:0.171 world-cup-captains:-0.134 bundes-liga:-0.122 80s:-0.179,no,147380602243939
346,Grigol Sakvarelidze,GE,Rustavi,,B3,6,daytime,no,0.576,0.751,-0.135,mexico-1970:0.16 manchester-city:0.059 ronaldo-world-cup:0.199 world-cup-korea-japan-2002:-0.192 messi-world-cup:-0.137 juventus:-0.087 brazil-world-cup:-0.115,no,3737615040286533
347,Ruradadze,GE,Ozurgeti,,B2,2,evening,no,0.314,0.766,0.154,world-cup-spain-1982:0.057 messi-world-cup:0.051 seria-a:0.166 argentina-world-cup:-0.065 club-world-cup:-0.077,no,2478207088770211
348,Shalva Nozadidze,GE,Ozurgeti,,B3,8,evening,no,0.46,0.818,-0.192,psg:0.199 seria-a:0.111 england-world-cup:-0.058 la-liga:-0.145,no,3293592639439481
349,Nikusha Bakuridze,GE,Kutaisi,,B1 (bottom),2,evening,no,0.211,0.743,0.111,league-1:0.198 netherlands-world-cup:0.194 world-cup-stadiums:-0.153 france:-0.198,no,2491036580477262
350,DAVIT ELIASHVILI,GE,Kutaisi,,B3,12,morning,no,0.479,0.452,-0.276,world-cup-germany-2006:0.153 real-madrid:0.124 italy-world-cup:-0.172 world-cup-stadiums:-0.135,no,393348617178103
351,Pavle Elizbarshvili,GE,Zugdidi,,B1 (bottom),8,evening,no,0.052,0.506,0.252,world-cup-qatar-2022:0.089 manchester-united:0.178 league-1:0.19 ronaldo-world-cup:-0.063 80s:-0.096,no,3359779649937106
352,bachouna,GE,Tbilisi,,B4,6,daytime,no,0.724,0.38,-0.206,brazil-world-cup:0.178 world-cup-classics:0.175 world-cup-qatar-2022:-0.094 west-germany-1974:-0.05 soviet-union-world-cup:-0.112,no,480765614895112
353,Mirian Ugulshvili,GE,Tbilisi,,B2,6,daytime,no,0.422,0.545,-0.038,real-madrid:0.145 world-cup-germany-2006:0.115 badges-and-logos:0.168 world-cup-kits:-0.198 psg:-0.157,no,3517893466448358
354,Givi,GE,Zugdidi,,B4,2,evening,no,0.658,0.797,0.196,germany-world-cup:0.171 argentina-world-cup:0.09 world-cup-stadiums:0.144 world-cup-crests:-0.119 world-cup-brazil-2014:-0.15,no,297097784120885
355,ლევანი,GE,Rustavi,,B2,10,evening,no,0.399,0.598,-0.147,juventus:0.089 world-cup-france-1998:0.096 liverpool:-0.08 world-cup-spain-1982:-0.079 world-cup-kits:-0.152,no,2830875787666392
356,nikom.libero,GE,Kutaisi,,B2,8,evening,yes,0.439,0.693,0.081,world-cup-usa-1994:0.104 soviet-union-world-cup:0.082 world-cup-south-africa-2010:0.171 world-cup-stadiums:-0.109 argentina-1978:-0.061 90s:-0.059,no,439293746589656
357,Lukas,GE,Ozurgeti,,B3,8,evening,no,0.476,0.666,0.224,90s:0.103 ronaldo-world-cup:0.174 world-cup-champions:0.106 spain:-0.09 la-liga:-0.121,no,3262563279295077
358,gubaz,GE,Akhaltsikhe,,B1 (bottom),7,daytime,no,0.124,0.85,0.182,spain:0.135 west-germany-1974:0.111 career-path:0.165 world-cup-finals:-0.125 football-logic:-0.101 world-cup:-0.132 milan:-0.143,no,1170810816093662
359,Jano,TR,Istanbul,,B1 (bottom),2,evening,no,0.177,0.38,0.178,world-cup-champions:0.136 dortmund:0.141 00s:-0.18 germany:-0.092 liverpool:-0.097,no,2149309341540071
360,zezva,GE,Poti,,B3,7,daytime,no,0.512,0.617,-0.215,netherlands-world-cup:0.096 milan:0.139 argentina-1978:-0.172 premier-league:-0.182 high-low:-0.149 world-cup-records:-0.056,no,569410343408347
361,Kokauna,GE,Telavi,,B5 (top),8,daytime,no,0.773,0.354,-0.195,world-cup-usa-1994:0.096 england-world-cup:0.172 world-cup-stadiums:0.172 world-cup-goalkeepers:0.192 high-low:-0.192 spain:-0.18 world-cup-crests:-0.181,no,4283093298436063
362,Saba111,GE,Telavi,,B1 (bottom),2,evening,no,0.174,0.574,-0.188,badges-and-logos:0.088 messi-world-cup:0.076 world-cup-south-africa-2010:-0.187 brazil-world-cup:-0.108 pele-world-cup:-0.12,no,3020537497622083
363,Mirian Ekhvaiiani9,GE,Gori,,B2,12,morning,yes,0.408,0.461,-0.041,champios-leage:0.173 career-path:0.11 world-cup-korea-japan-2002:0.174 argentina-1978:0.184 netherlands-world-cup:-0.14 transfers:-0.138 liverpool:-0.06,no,3905142343858825
364,Zurab15,GE,Batumi,,B2,10,evening,no,0.303,0.682,-0.037,10s:0.085 argentina-1978:0.093 transfers:-0.062 psg:-0.072 high-low:-0.199,no,2161932087771233
365,BesoB,GE,Tbilisi,,B1 (bottom),2,evening,no,0.114,0.507,-0.234,world-cup-crests:0.131 psg:0.139 world-cup-korea-japan-2002:0.083 career-path:-0.095 soviet-union-world-cup:-0.067 00s:-0.053,no,304907145255420
366,Vasoka,ES,Barcelona,,B1 (bottom),2,evening,no,0.15,0.639,0.08,manchester-united:0.111 argentina:0.151 uefa-euro:-0.05 world-cup-records:-0.162 liverpool:-0.161,no,3247806527305948
367,Gela Dolidze,GE,Rustavi,,B3,8,daytime,no,0.547,0.674,-0.136,world-cup-captains:0.07 messi-world-cup:0.088 world-cup-classics:-0.196 world-cup-qatar-2022:-0.123 maradona-world-cup:-0.123,no,3282152865849110
368,GuguS,GE,Batumi,,B3,6,daytime,no,0.597,0.447,0.169,world-cup-italy-1990:0.128 maradona-world-cup:0.177 psg:0.199 ronaldo-world-cup:-0.182 soviet-union-world-cup:-0.133 milan:-0.127,no,1245692868138966
369,dataika,GE,Kutaisi,,B2,10,evening,no,0.425,0.684,0.289,world-cup-captains:0.098 brazil:0.082 argentina:0.083 world-cup-stadiums:0.164 world-cup-qatar-2022:-0.092 psg:-0.105,no,230630767493963
370,Davit Onianiadze,GE,Poti,,B2,6,daytime,no,0.26,0.783,0.165,england-world-cup:0.067 champios-leage:0.135 world-cup-brazil-2014:0.136 netherlands-world-cup:-0.082 west-germany-1974:-0.179,no,471666427868575
371,Gigia,GE,Tbilisi,,B2,2,evening,no,0.332,0.786,0.057,brazil:0.171 spain:0.141 uefa-euro:-0.199 argentina-world-cup:-0.157 brazil-world-cup:-0.15,no,419510980876813
372,Miriana,GE,Batumi,,B3,2,evening,no,0.549,0.478,-0.257,world-cup-classics:0.136 portugal:0.139 argentina-1978:0.176 brazil-world-cup:-0.107 italia-italy:-0.166 world-cup-records:-0.125 world-cup-champions:-0.067,no,1036620778971094
373,Datuna Amiranava,GE,Ozurgeti,,B1 (bottom),11,morning,no,0.164,0.778,-0.005,world-cup-germany-2006:0.162 france:0.101 bundes-liga:-0.138 pele-world-cup:-0.186 psg:-0.113 arsenal:-0.064,no,3015094369144484
374,Lukas472,GE,Rustavi,,B3,21,daytime,no,0.566,0.698,0.14,badges-and-logos:0.109 champios-leage:0.095 world-cup-qatar-2022:0.065 bundes-liga:-0.052 football-logic:-0.076 soviet-union-world-cup:-0.19 world-cup-classics:-0.095,no,2910751385865106
375,Kakhi Qoridshvili,GE,Zugdidi,,B2,8,evening,yes,0.44,0.465,0.193,real-madrid:0.096 bayern:0.097 la-liga:-0.085 netherlands-world-cup:-0.101,no,2839882205213278
376,pele22,GE,Ozurgeti,,B3,8,evening,no,0.47,0.822,0.078,argentina-1978:0.11 chelsea:0.111 world-cup-germany-2006:0.143 world-cup-stadiums:-0.082 dortmund:-0.173,yes,3763322906916798
377,vakhoa09,GE,Telavi,,B4,2,evening,no,0.647,0.792,-0.07,world-cup-classics:0.123 manchester-city:0.18 mexico-1970:-0.071 world-cup-stadiums:-0.111 world-cup-korea-japan-2002:-0.066 la-liga:-0.106,no,2913883451898135
378,MananaN,GE,Akhaltsikhe,,B3,8,evening,yes,0.454,0.532,0.19,argentina:0.171 real-madrid:0.159 germany:0.103 spain-world-cup:-0.138 10s:-0.108 world-cup-qatar-2022:-0.144 ballon-dor:-0.109,no,1879167697226902
379,gocha papaveli,GE,Kutaisi,,B4,6,daytime,no,0.655,0.471,0.027,world-cup-germany-2006:0.17 world-cup-brazil-2014:0.061 00s:-0.138 kvnb-netherlands:-0.082 dortmund:-0.085,no,1900346509346841
380,Daviti Papavua,TR,Izmir,,B2,10,evening,no,0.331,0.807,0.285,west-germany-1974:0.096 club-world-cup:0.053 world-cup-stadiums:0.171 world-cup-korea-japan-2002:-0.13 bayern:-0.06 maradona-world-cup:-0.194,no,1127529806715259
381,Shota Chadunshvili,ES,Barcelona,,B4,6,daytime,no,0.731,0.458,0.227,career-path:0.114 messi-world-cup:0.103 manchester-city:0.141 imposter:0.194 world-cup-qatar-2022:-0.085 real-madrid:-0.085 ballon-dor:-0.12,yes,1744235669811467
382,Sulkhan Dolidzadze,GE,Gori,,B3,10,evening,no,0.534,0.575,0.25,world-cup-spain-1982:0.156 messi-world-cup:0.051 argentina-1978:-0.081 barcelona:-0.079 10s:-0.193,no,1742450081662210
383,Nikaa,GE,Akhaltsikhe,,B3,10,evening,no,0.464,0.364,0.1,world-cup-captains:0.134 manchester-city:0.172 argentina:-0.18 italy-world-cup:-0.052,no,2808014067641745
384,Vato Nachkebiani,GE,Ozurgeti,,B4,2,evening,no,0.63,0.382,0.224,bayern:0.055 world-cup-spain-1982:0.148 world-cup-korea-japan-2002:0.123 world-cup-mexico-1986:-0.08 club-world-cup:-0.111,no,4386013845036719
385,Ruradashvili,GE,Ozurgeti,,B3,8,daytime,no,0.558,0.386,-0.167,psg:0.18 germany:0.131 world-cup-records:-0.095 imposter:-0.055,no,197218776051459
386,libero09,ES,Madrid,,B3,2,evening,no,0.499,0.829,-0.223,world-cup:0.13 inter-milan:0.127 argentina-1978:0.104 world-cup-mexico-1986:0.138 germany:-0.182 dortmund:-0.096 france-world-cup:-0.064,no,1719146450738751
387,vaska,GE,Telavi,,B5 (top),7,daytime,no,0.76,0.359,0.277,world-cup-kits:0.138 france-world-cup:0.06 transfers:0.15 ronaldo-world-cup:0.178 england:-0.097 world-cup:-0.087 world-cup-south-africa-2010:-0.064 world-cup-qatar-2022:-0.085,no,3148977749932482
388,MiqaM,GE,Poti,,B1 (bottom),8,evening,no,0.126,0.689,-0.116,imposter:0.135 milan:0.146 90s:0.165 real-madrid:-0.185 maradona-world-cup:-0.147,no,3302732445237499
389,zviad mgelidze,GE,Poti,,B2,2,evening,yes,0.363,0.486,-0.276,00s:0.053 badges-and-logos:0.161 italy-world-cup:-0.053 imposter:-0.127 france-world-cup:-0.137 england-world-cup:-0.057,no,2746679676225589
390,Giviiko,GE,Kutaisi,,B3,2,evening,yes,0.516,0.517,-0.188,spain-world-cup:0.082 england:0.057 world-cup-france-1998:-0.143 soviet-union-world-cup:-0.114 la-liga:-0.089,no,1267570994830091
391,roinika,GE,Ozurgeti,,B5 (top),2,evening,no,0.876,0.375,-0.104,badges-and-logos:0.07 world-cup-france-1998:0.104 world-cup-italy-1990:-0.128 high-low:-0.19,no,4317974779250102
392,Nutsauna,GE,Kutaisi,,B2,6,daytime,no,0.361,0.526,0.137,portugal:0.163 england:0.182 world-cup-records:0.165 maradona-world-cup:-0.086 imposter:-0.175 germany-world-cup:-0.077 real-madrid:-0.094,no,1957087294309164
393,hamsik424,TR,Istanbul,,B3,8,evening,no,0.47,0.67,-0.263,world-cup-goalkeepers:0.192 world-cup-brazil-2014:0.179 world-cup-russia-2018:-0.086 inter-milan:-0.181,no,2532334868522262
394,Giorgi Amiranshvili,ES,Barcelona,,B2,8,evening,no,0.431,0.553,0.256,imposter:0.179 arsenal:0.093 world-cup-captains:0.142 10s:-0.118 italy-world-cup:-0.095 ronaldo-world-cup:-0.125 high-low:-0.163,no,4022537651599033
395,Likaka,GE,Kutaisi,,B2,2,evening,no,0.412,0.76,-0.191,world-cup-captains:0.108 world-cup-qatar-2022:0.184 psg:0.14 argentina-1978:0.139 00s:-0.081 10s:-0.087,no,1751718509701879
396,ValeriB,GE,Rustavi,,B2,8,daytime,no,0.331,0.601,-0.247,juventus:0.176 manchester-city:0.2 inter-milan:-0.108 barcelona:-0.19 imposter:-0.191,no,250878985154563
397,Emzar,GE,Kutaisi,,B2,2,evening,no,0.337,0.838,-0.239,spain:0.116 club-world-cup:0.096 10s:-0.128 uefa-euro:-0.067 italy-world-cup:-0.075,no,4408744410075888
398,Shalvauna,GE,Zugdidi,,B1 (bottom),2,evening,no,0.235,0.677,-0.214,high-low:0.133 bundes-liga:0.103 psg:-0.178 germany:-0.166 premier-league:-0.17,no,969872356701994
399,SABAKA,GE,Rustavi,,B2,2,evening,no,0.399,0.847,0.019,manchester-city:0.16 soviet-union-world-cup:0.197 ballon-dor:-0.136 champios-leage:-0.057,no,3770369550390955
400,Bachana,GE,Gori,,B1 (bottom),2,evening,no,0.112,0.404,-0.211,dortmund:0.135 argentina-world-cup:0.118 pele-world-cup:-0.196 spain:-0.102 transfers:-0.091,no,2580255973887963
401,Luka Sakvareliani,GE,Tbilisi,,B3,10,evening,yes,0.538,0.833,-0.005,england-world-cup:0.185 spain:0.128 chelsea:-0.111 90s:-0.113,no,4471149091688426
402,zurao,GE,Tbilisi,,B2,7,daytime,no,0.282,0.798,0.161,liverpool:0.177 dortmund:0.141 chelsea:-0.058 world-cup-qatar-2022:-0.164,no,4389877219410029
403,lika zarkeli,ES,Barcelona,,B3,2,evening,no,0.462,0.811,0.174,netherlands-world-cup:0.126 argentina:0.144 france:0.191 messi-world-cup:-0.106 career-path:-0.079 10s:-0.106 champios-leage:-0.102,no,2284042285612671
404,Pavleuna17,GE,Batumi,,B3,2,evening,no,0.525,0.754,0.129,high-low:0.139 world-cup-captains:0.151 soviet-union-world-cup:0.054 england-world-cup:0.102 world-cup-spain-1982:-0.198 france-world-cup:-0.147 mexico-1970:-0.186,no,2043434533145279
405,lado23,GB,London,,B3,11,morning,no,0.496,0.431,-0.259,bayern:0.1 premier-league:0.098 world-cup-kits:-0.067 uefa-euro:-0.076 world-cup:-0.053 england-world-cup:-0.175,no,101548786252465
406,Bachanaushka,GE,Batumi,,B1 (bottom),10,evening,no,0.127,0.784,-0.144,messi-world-cup:0.197 west-germany-1974:0.103 world-cup-stadiums:-0.098 arsenal:-0.111 england:-0.185 milan:-0.109,no,2076113769121945
407,davito,GE,Gori,,B3,2,evening,yes,0.462,0.728,0.255,world-cup-france-1998:0.165 argentina-1978:0.055 france:-0.084 brazil-world-cup:-0.093,no,1499001363269104
408,SophoG,DE,Munich,,B2,2,evening,no,0.285,0.736,-0.234,france-world-cup:0.103 spain:0.101 argentina:0.063 world-cup:-0.104 la-liga:-0.135,no,3819770949988125
409,kaisa,GE,Poti,,B2,2,evening,no,0.351,0.615,0.227,spain:0.111 world-cup-germany-2006:0.144 uefa-euro:0.142 world-cup-records:0.152 england:-0.153 west-germany-1974:-0.117 ronaldo-world-cup:-0.066,no,1089973057758057
410,Ananoiko,GE,Rustavi,,B2,10,morning,no,0.332,0.723,-0.175,psg:0.165 england-world-cup:0.137 high-low:0.141 football-logic:-0.178 germany:-0.12 arsenal:-0.114,no,3337693058796301
411,TatoN,GE,Zugdidi,,B2,2,evening,no,0.343,0.843,-0.146,argentina-1978:0.071 10s:0.149 brazil-world-cup:0.078 portugal:-0.188 messi-world-cup:-0.103 transfers:-0.05 world-cup-qatar-2022:-0.161,no,1325547825388610
412,Nikolozushka,GE,Kutaisi,,B3,12,morning,no,0.567,0.455,0.033,netherlands-world-cup:0.13 ballon-dor:0.144 real-madrid:0.12 league-1:0.171 world-cup-finals:-0.173 world-cup-brazil-2014:-0.162,no,932201958873507
413,Jano Elizbaridze,GE,Zugdidi,,B2,6,daytime,no,0.419,0.531,-0.272,liverpool:0.1 germany:0.163 transfers:0.073 world-cup:-0.071 barcelona:-0.143 world-cup-spain-1982:-0.098 ballon-dor:-0.189,yes,3164795422162429
414,shota,GB,Birmingham,,B2,10,evening,no,0.432,0.719,-0.22,argentina-1978:0.055 liverpool:0.171 bundes-liga:0.075 world-cup-italy-1990:0.107 mexico-1970:-0.16 high-low:-0.12 kvnb-netherlands:-0.102 germany-world-cup:-0.187,no,1288564444764411
415,jemalushka,GE,Zugdidi,,B3,8,daytime,yes,0.471,0.562,0.285,high-low:0.098 world-cup-germany-2006:0.17 world-cup-qatar-2022:0.189 england-world-cup:-0.085 soviet-union-world-cup:-0.093,no,1075851707667103
416,nugog,GE,Rustavi,,B1 (bottom),2,evening,no,0.07,0.481,0.176,world-cup-qatar-2022:0.185 netherlands-world-cup:0.135 germany-world-cup:0.128 world-cup-goalkeepers:0.161 soviet-union-world-cup:-0.156 portugal:-0.184 inter-milan:-0.142,no,3481945545005841
417,Eliso76,GE,Akhaltsikhe,,B4,10,morning,no,0.699,0.505,0.042,world-cup-crests:0.125 kvnb-netherlands:0.075 champios-leage:0.099 premier-league:-0.193 90s:-0.193,no,1244608367325703
418,mamuka chxikviani23,GE,Tbilisi,,B4,2,evening,no,0.702,0.537,-0.146,badges-and-logos:0.166 world-cup-goalkeepers:0.065 maradona-world-cup:-0.086 imposter:-0.068,no,4360043476154098
419,Nana Natenadidze,GE,Ozurgeti,,B1 (bottom),21,daytime,yes,0.112,0.729,-0.05,80s:0.135 premier-league:0.162 ballon-dor:-0.114 milan:-0.113,no,194511609288348
420,Tazo,GE,Telavi,,B3,13,morning,no,0.465,0.415,0.028,league-1:0.135 manchester-city:0.05 world-cup-classics:0.154 premier-league:0.064 football-logic:-0.164 career-path:-0.115,no,2566419512758898
421,LashaZ,GE,Akhaltsikhe,,B3,10,morning,no,0.592,0.566,0.269,transfers:0.122 bundes-liga:0.192 club-world-cup:-0.089 argentina-world-cup:-0.083 england:-0.057,no,38604652672976
422,ushangi janjgaveli,GE,Telavi,,B1 (bottom),6,daytime,no,0.179,0.788,-0.091,football-logic:0.066 world-cup-captains:0.052 ballon-dor:0.138 real-madrid:-0.092 england:-0.172 world-cup-records:-0.196,no,952159808752852
423,Onianiava,GE,Tbilisi,,B3,2,evening,no,0.583,0.383,0.097,real-madrid:0.103 world-cup-brazil-2014:0.171 kvnb-netherlands:0.072 west-germany-1974:-0.196 world-cup-russia-2018:-0.056 argentina:-0.077,no,4160354025729656
424,malkhaz1,ES,Barcelona,,B3,8,evening,no,0.514,0.4,-0.013,brazil:0.154 juventus:0.146 germany:0.135 seria-a:0.102 manchester-united:-0.08 soviet-union-world-cup:-0.14 inter-milan:-0.113 world-cup-usa-1994:-0.158,no,3843314506999224
425,GogaZ,GR,Thessaloniki,,B2,10,morning,no,0.431,0.487,0.083,high-low:0.072 world-cup-kits:0.136 chelsea:0.054 bundes-liga:0.127 inter-milan:-0.119 netherlands-world-cup:-0.069 world-cup-records:-0.156 world-cup-classics:-0.064,no,3443787044079814
426,Luka Japarshvili,GE,Telavi,,B2,8,evening,no,0.268,0.398,-0.12,imposter:0.182 world-cup:0.051 manchester-united:0.099 world-cup-usa-1994:0.138 world-cup-finals:-0.121 maradona-world-cup:-0.121 pele-world-cup:-0.058 world-cup-spain-1982:-0.061,no,1429082450929495
427,Beso Samkharua,GE,Batumi,,B2,2,evening,no,0.444,0.533,0.058,world-cup-captains:0.154 argentina:0.056 world-cup-stadiums:-0.186 world-cup-brazil-2014:-0.059 messi-world-cup:-0.144 00s:-0.124,no,4442266469894580
428,Gocha99,GE,Rustavi,,B4,2,evening,no,0.652,0.593,0.295,juventus:0.118 champios-leage:0.126 high-low:0.059 world-cup-champions:0.17 world-cup-crests:-0.17 chelsea:-0.15,no,1364982884384998
429,Jemal Kalatozshvili,GE,Tbilisi,,B3,2,evening,no,0.58,0.36,0.193,spain:0.184 world-cup-stadiums:0.089 argentina-1978:-0.074 world-cup-crests:-0.14 world-cup-germany-2006:-0.167 world-cup-finals:-0.121,no,1070040864928546
430,Vakhtang Kikneli,GE,Batumi,,B3,6,daytime,yes,0.532,0.661,0.21,dortmund:0.144 football-logic:0.133 seria-a:0.178 world-cup-stadiums:0.122 pele-world-cup:-0.077 messi-world-cup:-0.148 world-cup-goalkeepers:-0.059,no,4426835586256499
431,ElisoK,GE,Akhaltsikhe,,B3,10,morning,no,0.524,0.621,-0.035,world-cup-crests:0.052 west-germany-1974:0.18 world-cup-kits:0.155 spain:-0.143 chelsea:-0.115 france:-0.18,no,1625058118145573
432,Nugzaro,GE,Kutaisi,,B3,21,daytime,no,0.52,0.451,0.007,world-cup-france-1998:0.137 milan:0.2 france-world-cup:0.112 la-liga:0.081 uefa-euro:-0.186 france:-0.118 world-cup-brazil-2014:-0.065,no,3120548003835569
433,Miqa Vashaladze,GE,Ozurgeti,,B2,7,daytime,no,0.436,0.578,-0.135,france:0.066 germany-world-cup:0.092 ronaldo-world-cup:0.188 80s:0.092 world-cup-usa-1994:-0.144 england-world-cup:-0.051,no,2668983902803481
434,miqa phkhovelidze,GE,Poti,,B1 (bottom),8,evening,no,0.132,0.62,-0.116,world-cup-brazil-2014:0.138 world-cup-mexico-1986:0.086 league-1:-0.121 imposter:-0.174 barcelona:-0.151 italy-world-cup:-0.193,no,2060267839122571
435,Kokaushka23,GE,Batumi,,B4,2,evening,no,0.676,0.748,0.237,world-cup-records:0.13 brazil:0.198 world-cup-usa-1994:-0.07 germany-world-cup:-0.081 premier-league:-0.106,no,4089813885655464
436,Tornike,GE,Kutaisi,,B3,6,daytime,no,0.532,0.602,-0.184,80s:0.181 bundes-liga:0.063 argentina-1978:0.171 premier-league:0.084 brazil-world-cup:-0.066 spain:-0.152,no,3949931940429568
437,Sopoo,GE,Telavi,,B1 (bottom),8,evening,no,0.112,0.691,-0.029,liverpool:0.065 world-cup-brazil-2014:0.083 world-cup-captains:-0.13 arsenal:-0.135 high-low:-0.107,no,100060697880343
438,Sopo Avalua,GE,Kutaisi,,B4,2,evening,no,0.7,0.442,-0.242,arsenal:0.134 imposter:0.114 argentina-world-cup:0.147 germany:-0.078 bundes-liga:-0.149,yes,2422523502909982
439,Mishaiko,GB,Manchester,,B2,7,daytime,no,0.325,0.381,0.237,world-cup-italy-1990:0.058 world-cup-crests:0.088 high-low:-0.186 inter-milan:-0.108,no,572018617929067
440,Vasoika14,GE,Batumi,,B3,8,evening,no,0.507,0.382,0.084,imposter:0.146 world-cup-russia-2018:0.182 world-cup-germany-2006:0.097 bundes-liga:-0.073 barcelona:-0.119 world-cup-usa-1994:-0.051,no,529449477807760
441,toko inasaridze,GE,Ozurgeti,,B3,6,daytime,no,0.542,0.569,-0.257,world-cup-stadiums:0.115 world-cup-captains:0.073 80s:0.116 world-cup-korea-japan-2002:-0.18 world-cup-classics:-0.159 juventus:-0.095,yes,2234834083338846
442,Ucha Qoridshvili,GE,Tbilisi,,B1 (bottom),2,evening,no,0.224,0.681,0.134,maradona-world-cup:0.065 argentina:0.146 brazil:-0.064 ronaldo-world-cup:-0.08 transfers:-0.171 champios-leage:-0.162,no,1759941205959472
443,OtoS,GE,Zugdidi,,B2,10,evening,no,0.254,0.375,0.17,world-cup-finals:0.113 chelsea:0.184 west-germany-1974:-0.133 psg:-0.161 world-cup-brazil-2014:-0.138,no,377780802762212
444,Rati,GE,Zugdidi,,B4,8,night_owl,no,0.653,0.701,0.122,argentina-world-cup:0.133 psg:0.129 ballon-dor:0.125 90s:-0.071 world-cup-goalkeepers:-0.051,yes,962368766690662
445,MariZ,GE,Zugdidi,,B3,7,daytime,no,0.592,0.621,-0.267,argentina-1978:0.165 imposter:0.096 netherlands-world-cup:0.19 england-world-cup:-0.198 world-cup-mexico-1986:-0.157 soviet-union-world-cup:-0.087,no,3517580302324099
446,gugeshidze,GE,Telavi,,B4,2,evening,yes,0.702,0.468,-0.015,brazil-world-cup:0.196 juventus:0.181 champios-leage:0.084 messi-world-cup:-0.18 portugal:-0.139 world-cup-germany-2006:-0.177,no,1600781517586026
447,ZuraS0,GE,Akhaltsikhe,,B3,6,daytime,no,0.554,0.6,-0.003,chelsea:0.079 pele-world-cup:0.083 uefa-euro:-0.071 brazil:-0.105,no,919955952844132
448,taso bakuridze,GE,Ozurgeti,,B3,2,evening,yes,0.557,0.584,-0.172,high-low:0.181 mexico-1970:0.074 90s:-0.068 arsenal:-0.124 maradona-world-cup:-0.071 football-logic:-0.142,no,2727672765037659
449,Lesgidze,GE,Tbilisi,,B1 (bottom),8,daytime,yes,0.159,0.514,0.116,world-cup-brazil-2014:0.136 seria-a:0.148 world-cup-russia-2018:-0.102 germany-world-cup:-0.1 club-world-cup:-0.116 world-cup-germany-2006:-0.197,no,2236159945424166
450,Lukas Phkhovelava,GE,Akhaltsikhe,,B2,2,evening,no,0.326,0.484,-0.127,italy-world-cup:0.078 milan:0.17 bayern:0.058 world-cup-goalkeepers:-0.158 world-cup-spain-1982:-0.102 high-low:-0.098,no,1611315895924652
451,NinoT,GB,London,,B1 (bottom),10,morning,no,0.081,0.474,0.084,england:0.153 germany:0.173 milan:0.115 world-cup-stadiums:-0.128 argentina-world-cup:-0.161,no,61325799630879
452,zazar,GE,Poti,,B2,21,daytime,no,0.395,0.791,-0.197,world-cup-goalkeepers:0.197 juventus:0.077 mexico-1970:0.087 dortmund:0.108 manchester-united:-0.2 psg:-0.188 world-cup-finals:-0.122 france:-0.181,no,2308908305948294
453,BachanaG,GE,Ozurgeti,,B5 (top),8,daytime,no,0.841,0.465,0.175,world-cup-italy-1990:0.097 seria-a:0.061 imposter:-0.149 italia-italy:-0.065 world-cup-crests:-0.056,no,2843929503588315
454,temo odishiani,GE,Rustavi,,B2,10,evening,no,0.373,0.593,0.248,uefa-euro:0.16 club-world-cup:0.153 milan:-0.14 world-cup-crests:-0.122 manchester-city:-0.1,no,1116505049354116
455,Kaki Dgebiani,GE,Rustavi,,B1 (bottom),10,evening,yes,0.236,0.549,-0.056,career-path:0.132 maradona-world-cup:0.063 juventus:0.19 world-cup-classics:0.174 world-cup-kits:-0.071 messi-world-cup:-0.15 england-world-cup:-0.165 league-1:-0.158,no,4443818169256595
456,Tengiz,GE,Kutaisi,,B3,10,morning,no,0.469,0.735,0.086,champios-leage:0.131 germany-world-cup:0.155 world-cup-classics:0.102 manchester-united:0.195 imposter:-0.07 argentina-1978:-0.105,no,698850362516940
457,temol arakieli,US,Chicago,,B3,2,evening,yes,0.543,0.712,0.106,barcelona:0.11 transfers:0.151 messi-world-cup:0.18 world-cup-finals:-0.053 badges-and-logos:-0.161,no,2482645689153347
458,Badri Maisurshvili,GE,Akhaltsikhe,,B2,2,evening,no,0.437,0.39,0.029,manchester-city:0.157 milan:0.195 england-world-cup:0.166 uefa-euro:-0.18 arsenal:-0.067 world-cup-brazil-2014:-0.088 manchester-united:-0.1,no,1465328501192291
459,Lasha Ugrelishvili,GE,Rustavi,,B1 (bottom),2,evening,no,0.158,0.598,-0.075,seria-a:0.164 world-cup-champions:0.102 italy-world-cup:-0.11 world-cup-finals:-0.101 high-low:-0.086 soviet-union-world-cup:-0.089,no,2813920847909750
460,ElgujaT,GE,Rustavi,,B3,10,evening,no,0.49,0.717,0.197,football-logic:0.182 world-cup:0.114 manchester-city:-0.076 real-madrid:-0.152 arsenal:-0.134,no,2189957643243653
461,zviad,GR,Thessaloniki,,B2,21,daytime,yes,0.393,0.419,0.051,uefa-euro:0.147 france-world-cup:0.098 80s:-0.17 france:-0.117,no,828415820021240
462,soso ugreliiani,TR,Ankara,,B2,8,daytime,no,0.35,0.713,0.278,world-cup-mexico-1986:0.151 pele-world-cup:0.098 world-cup-stadiums:0.054 manchester-united:-0.191 portugal:-0.139 soviet-union-world-cup:-0.12 dortmund:-0.092,no,3328963993435877
463,gega odishidze,GE,Telavi,,B2,8,evening,no,0.257,0.358,0.201,career-path:0.056 world-cup-stadiums:0.165 netherlands-world-cup:0.153 real-madrid:0.137 italia-italy:-0.125 bayern:-0.099 germany-world-cup:-0.085,no,3355175268898032
464,zazaushka55,GE,Poti,,B3,2,evening,no,0.585,0.698,0.199,argentina:0.135 psg:0.124 world-cup-italy-1990:-0.068 world-cup-classics:-0.163 world-cup-usa-1994:-0.117 maradona-world-cup:-0.066,no,870826497795353
465,BubaB,GE,Kutaisi,,B2,6,daytime,no,0.394,0.827,0.193,juventus:0.111 world-cup-captains:0.133 dortmund:0.082 chelsea:0.11 soviet-union-world-cup:-0.11 imposter:-0.154 manchester-united:-0.189,no,815200075633781
466,SOPHOA,GE,Poti,,B4,10,evening,no,0.642,0.68,0.186,italia-italy:0.062 world-cup-south-africa-2010:0.13 liverpool:-0.065 juventus:-0.139 england-world-cup:-0.151 world-cup-korea-japan-2002:-0.058,no,1264389897572348
467,Ratika,GB,Manchester,,B3,8,daytime,no,0.533,0.66,-0.218,ballon-dor:0.052 world-cup-goalkeepers:0.169 world-cup-classics:0.13 world-cup-korea-japan-2002:-0.158 portugal:-0.139,no,1239855740826453
468,Iosebuna,GB,Manchester,,B3,2,evening,no,0.527,0.524,0.201,brazil:0.17 world-cup-champions:0.146 world-cup:0.164 ballon-dor:0.108 00s:-0.178 champios-leage:-0.168 90s:-0.123 world-cup-stadiums:-0.154,no,3498159184723137
469,Tengo Chkhartua,GE,Poti,,B3,2,evening,no,0.451,0.751,0.128,manchester-united:0.136 world-cup-champions:0.052 netherlands-world-cup:0.171 league-1:0.097 badges-and-logos:-0.083 club-world-cup:-0.061 10s:-0.107,no,2212160637593975
470,PridonG,GR,Thessaloniki,,B2,8,daytime,no,0.33,0.694,0.198,bundes-liga:0.175 ballon-dor:0.065 inter-milan:-0.061 manchester-city:-0.108 argentina:-0.087,no,2835536586753481
471,Temoika14,GE,Ozurgeti,,B3,10,evening,no,0.521,0.845,-0.271,england:0.065 manchester-city:0.078 imposter:0.184 world-cup-classics:0.158 brazil:-0.191 brazil-world-cup:-0.079 pele-world-cup:-0.065,no,1860551251889514
472,Mikheil Sakvarelidze,GE,Poti,,B1 (bottom),2,evening,no,0.121,0.594,0.231,career-path:0.172 argentina-1978:0.104 west-germany-1974:-0.068 arsenal:-0.128,no,243566354813533
473,Rezo Turashashvili,GE,Poti,,B2,6,daytime,no,0.316,0.674,0.18,transfers:0.101 barcelona:0.197 world-cup-korea-japan-2002:0.094 maradona-world-cup:-0.097 world-cup-spain-1982:-0.153 italy-world-cup:-0.117 juventus:-0.139,no,2418472327942256
474,Rezo Ugreliidze,GE,Gori,,B1 (bottom),8,daytime,no,0.231,0.383,-0.284,uefa-euro:0.108 world-cup-kits:0.191 chelsea:0.055 inter-milan:-0.162 world-cup-records:-0.162,no,3329787458421692
475,Sophoiko,GE,Kutaisi,,B3,7,daytime,no,0.525,0.775,-0.168,00s:0.126 manchester-united:0.185 world-cup-captains:-0.07 premier-league:-0.054,no,2213750954331565
476,neymarushka,GE,Ozurgeti,,B4,8,evening,no,0.602,0.553,-0.238,champios-leage:0.132 west-germany-1974:0.052 00s:0.163 spain-world-cup:0.143 career-path:-0.152 transfers:-0.116,no,81272744223186
477,Irakay,GE,Poti,,B5 (top),7,daytime,no,0.768,0.716,0.077,barcelona:0.164 transfers:0.095 brazil:-0.182 spain:-0.133,no,3264179049596303
478,Vaso Lezhavshvili,GE,Gori,,B3,6,daytime,no,0.488,0.435,0.126,soviet-union-world-cup:0.156 world-cup-champions:0.15 brazil-world-cup:0.063 career-path:-0.163 world-cup-germany-2006:-0.117,no,1641786609234181
479,kakhib,TR,Istanbul,,B2,12,morning,no,0.372,0.804,-0.044,ronaldo-world-cup:0.075 world-cup-germany-2006:0.129 brazil-world-cup:0.085 uefa-euro:0.194 dortmund:-0.128 premier-league:-0.095,no,1653955629442212
480,IliaA,GE,Tbilisi,,B4,11,morning,no,0.617,0.8,0.044,premier-league:0.167 badges-and-logos:0.151 world-cup-france-1998:0.062 world-cup-korea-japan-2002:-0.145 portugal:-0.101,no,4274247310239776
481,Roinka,GE,Rustavi,,B2,10,evening,no,0.429,0.472,-0.138,premier-league:0.115 italy-world-cup:0.185 argentina-world-cup:0.175 football-logic:0.19 bayern:-0.096 world-cup-captains:-0.15,no,3724377428462717
482,pele23,GE,Rustavi,,B2,2,evening,no,0.332,0.661,0.237,france:0.192 world-cup-records:0.094 argentina:0.138 world-cup-mexico-1986:0.118 soviet-union-world-cup:-0.117 netherlands-world-cup:-0.137,no,2502425477185599
483,Otariko23,DE,Berlin,,B2,6,daytime,no,0.42,0.546,-0.1,soviet-union-world-cup:0.169 world-cup-goalkeepers:0.151 france-world-cup:0.166 premier-league:0.153 uefa-euro:-0.06 germany-world-cup:-0.174 world-cup:-0.059,no,695621821542451
484,tornike odishvili,GE,Batumi,,B2,8,evening,no,0.32,0.643,-0.024,premier-league:0.115 world-cup-captains:0.107 france:0.116 world-cup-stadiums:0.198 brazil-world-cup:-0.056 italia-italy:-0.061,no,4164132728050139
485,MAMUKA SANIKADZE,GE,Tbilisi,,B2,2,evening,no,0.324,0.819,-0.201,bayern:0.178 world-cup-qatar-2022:0.128 netherlands-world-cup:-0.117 manchester-united:-0.12 la-liga:-0.157 world-cup-goalkeepers:-0.177,no,1146266528890563
486,Kakha Papavidze,GR,Athens,,B2,10,evening,yes,0.404,0.583,-0.126,la-liga:0.062 mexico-1970:0.172 world-cup-south-africa-2010:0.096 world-cup-germany-2006:-0.132 world-cup-finals:-0.108 italia-italy:-0.175 germany:-0.188,no,1264368698338880
487,Gigi Gelashadze,DE,Munich,,B2,8,evening,no,0.403,0.668,0.03,psg:0.104 soviet-union-world-cup:0.087 brazil:-0.141 milan:-0.148 argentina-1978:-0.095 spain-world-cup:-0.063,no,772821914639417
488,kakot,GE,Batumi,,B1 (bottom),6,daytime,no,0.235,0.421,0.182,milan:0.07 france-world-cup:0.166 10s:0.118 world-cup-russia-2018:-0.125 manchester-united:-0.113 world-cup-italy-1990:-0.136 world-cup-korea-japan-2002:-0.144,no,1856158222752531
489,kakhio730,GE,Batumi,,B2,10,evening,no,0.381,0.761,-0.086,milan:0.061 world-cup-south-africa-2010:0.141 world-cup-finals:0.072 portugal:0.189 badges-and-logos:-0.183 world-cup-qatar-2022:-0.097,no,2781293846253600
490,belardi,TR,Ankara,,B2,6,daytime,no,0.333,0.456,0.036,80s:0.111 world-cup-russia-2018:0.193 uefa-euro:0.091 world-cup-france-1998:0.126 world-cup-crests:-0.19 club-world-cup:-0.119,no,4490340444329262
491,mamulshvili,US,Chicago,,B1 (bottom),8,evening,no,0.244,0.791,-0.119,spain-world-cup:0.139 milan:0.1 england:0.146 football-logic:-0.146 maradona-world-cup:-0.168 league-1:-0.127,yes,1819128145541099
492,Rati.belardi,GE,Kutaisi,,B3,2,evening,no,0.567,0.419,0.213,argentina-world-cup:0.142 germany:0.087 world-cup-spain-1982:0.107 seria-a:-0.069 italy-world-cup:-0.158 spain:-0.197 italia-italy:-0.135,no,3353953749469117
493,Zviado23,GE,Telavi,,B2,6,daytime,yes,0.429,0.648,-0.149,england:0.091 league-1:0.177 manchester-city:0.121 dortmund:-0.055 maradona-world-cup:-0.072 ronaldo-world-cup:-0.084 world-cup-south-africa-2010:-0.165,no,2823747302745360
494,დათო,GE,Tbilisi,,B1 (bottom),11,morning,no,0.175,0.544,0.129,league-1:0.127 pele-world-cup:0.175 football-logic:-0.189 barcelona:-0.183 club-world-cup:-0.154,no,2895239647180744
495,tengo,GE,Tbilisi,,B4,12,morning,no,0.63,0.813,0.066,inter-milan:0.193 brazil-world-cup:0.061 brazil:0.073 italy-world-cup:0.112 world-cup-crests:-0.102 10s:-0.182 world-cup-kits:-0.064,no,3674286661198642
496,GiorgiN,GE,Kutaisi,,B3,7,daytime,no,0.582,0.537,-0.111,seria-a:0.139 football-logic:0.142 arsenal:-0.12 france-world-cup:-0.169,no,2954290336300960
497,Kote Odishiani,GE,Zugdidi,,B4,2,evening,no,0.69,0.374,0.216,arsenal:0.126 world-cup:0.185 world-cup-brazil-2014:0.18 soviet-union-world-cup:0.184 world-cup-italy-1990:-0.144 mexico-1970:-0.086,no,4168543281367916
498,Kakha Kalatozshvili,GE,Telavi,,B1 (bottom),7,daytime,no,0.191,0.505,-0.088,real-madrid:0.152 maradona-world-cup:0.156 world-cup-usa-1994:0.106 80s:0.082 world-cup-germany-2006:-0.188 pele-world-cup:-0.083 00s:-0.104,no,2489208726655468
499,Dvalishvili,GE,Rustavi,,B1 (bottom),6,daytime,no,0.154,0.639,0.147,world-cup-mexico-1986:0.195 la-liga:0.184 real-madrid:0.164 pele-world-cup:-0.112 badges-and-logos:-0.079,no,2206169021110516
500,Bidzina Odishava,GE,Telavi,,B2,10,morning,no,0.41,0.748,0.024,transfers:0.144 france-world-cup:0.187 brazil-world-cup:0.138 netherlands-world-cup:-0.102 argentina:-0.187 west-germany-1974:-0.06 world-cup-champions:-0.06,no,2616335043222250
501,otari chkhartava,GE,Akhaltsikhe,,B4,10,evening,no,0.705,0.677,-0.25,messi-world-cup:0.18 italy-world-cup:0.06 world-cup-qatar-2022:0.104 world-cup-spain-1982:-0.071 west-germany-1974:-0.196 champios-leage:-0.146,no,1075058204785564
502,guram tsaguriashvili,GE,Tbilisi,,B2,8,evening,yes,0.41,0.732,-0.054,germany:0.051 imposter:0.165 chelsea:0.075 world-cup-germany-2006:0.157 pele-world-cup:-0.119 world-cup-goalkeepers:-0.067 world-cup-stadiums:-0.067 world-cup-kits:-0.123,no,4491987361820186
503,Gugu Ubiladze,GE,Zugdidi,,B1 (bottom),6,daytime,no,0.173,0.824,-0.269,juventus:0.058 la-liga:0.062 italy-world-cup:0.16 10s:-0.107 premier-league:-0.14 ronaldo-world-cup:-0.146,no,1909614190092993
504,sopho avaladze,GE,Zugdidi,,B4,2,evening,no,0.656,0.626,0.021,career-path:0.098 world-cup-classics:0.145 high-low:0.058 world-cup-kits:0.194 spain-world-cup:-0.132 argentina:-0.179 world-cup-korea-japan-2002:-0.158,no,848548339032508
505,Merab5,GE,Zugdidi,,B3,2,evening,no,0.53,0.824,0.101,world-cup-goalkeepers:0.163 brazil:0.061 world-cup-classics:0.178 soviet-union-world-cup:0.1 world-cup-germany-2006:-0.085 psg:-0.141 liverpool:-0.058,yes,1457872083112904
506,Nugo Avaliani,GE,Gori,,B3,6,daytime,no,0.481,0.559,0.004,world-cup-germany-2006:0.123 inter-milan:0.128 career-path:-0.176 transfers:-0.095 psg:-0.146,no,149892551521996
507,makao,GE,Tbilisi,,B2,6,daytime,no,0.445,0.717,-0.034,world-cup-records:0.184 argentina-world-cup:0.072 manchester-united:-0.158 90s:-0.191 real-madrid:-0.192 italy-world-cup:-0.146,no,3572162926704334
508,Bidzina Chanturishvili,GE,Batumi,,B1 (bottom),2,evening,no,0.072,0.45,-0.079,germany-world-cup:0.061 portugal:0.16 champios-leage:-0.165 manchester-city:-0.081 high-low:-0.152 uefa-euro:-0.198,no,1460633973628907
509,paatad,GE,Gori,,B3,6,daytime,no,0.535,0.603,-0.152,kvnb-netherlands:0.07 spain-world-cup:0.09 10s:0.166 world-cup-stadiums:-0.172 world-cup-spain-1982:-0.134 world-cup-brazil-2014:-0.192,yes,472162294770296
510,zumbulidze,GE,Kutaisi,,B1 (bottom),10,morning,yes,0.166,0.842,-0.187,world-cup-south-africa-2010:0.068 world-cup-brazil-2014:0.13 germany-world-cup:0.121 manchester-city:0.089 ballon-dor:-0.145 messi-world-cup:-0.091 france-world-cup:-0.104,no,950747250652646
511,nikog4,US,Chicago,,B3,2,evening,no,0.574,0.53,0.263,barcelona:0.091 world-cup-goalkeepers:0.077 80s:0.179 uefa-euro:0.076 argentina:-0.158 netherlands-world-cup:-0.093 90s:-0.058 club-world-cup:-0.123,no,2381291367920930
512,lasha samkharshvili,GE,Zugdidi,,B3,10,morning,yes,0.592,0.826,-0.293,kvnb-netherlands:0.118 portugal:0.197 barcelona:0.118 real-madrid:-0.079 seria-a:-0.062,no,1909867569013908
513,GRIGOLG,GE,Telavi,,B2,10,evening,no,0.304,0.474,0.235,maradona-world-cup:0.171 liverpool:0.15 chelsea:-0.062 mexico-1970:-0.157 world-cup-goalkeepers:-0.089 career-path:-0.126,no,2976337770854678
514,Bachana Phkhovelshvili,GE,Akhaltsikhe,,B1 (bottom),2,evening,no,0.088,0.681,-0.119,world-cup-records:0.157 world-cup-crests:0.19 imposter:0.142 world-cup-mexico-1986:0.175 bayern:-0.076 10s:-0.137,no,3556496921405135
515,KakoB,GE,Gori,,B3,8,evening,no,0.474,0.652,-0.2,world-cup-france-1998:0.095 world-cup-qatar-2022:0.098 world-cup-germany-2006:0.077 argentina-1978:0.07 90s:-0.132 high-low:-0.166,no,574267280554599
516,baller1,GE,Kutaisi,,B4,21,daytime,no,0.674,0.624,-0.269,world-cup-russia-2018:0.198 england:0.103 champios-leage:0.139 world-cup-records:-0.193 germany-world-cup:-0.178 ballon-dor:-0.057 west-germany-1974:-0.2,no,171433397383926
517,Niko Khubulidze,TR,Istanbul,,B3,2,evening,no,0.507,0.613,-0.036,imposter:0.074 ronaldo-world-cup:0.16 liverpool:0.12 real-madrid:0.116 france-world-cup:-0.073 world-cup-kits:-0.083 germany-world-cup:-0.146,no,559157899296185
518,BachoT15,GE,Rustavi,,B1 (bottom),2,evening,no,0.201,0.737,0.02,spain:0.089 world-cup-records:0.141 world-cup-brazil-2014:0.12 arsenal:0.142 italy-world-cup:-0.156 ballon-dor:-0.191 milan:-0.165,no,824834953029978
519,buba bakurshvili,GE,Batumi,,B5 (top),2,evening,no,0.812,0.849,0.253,england:0.191 world-cup-goalkeepers:0.135 seria-a:-0.124 psg:-0.059 champios-leage:-0.14 world-cup-qatar-2022:-0.173,no,153783117320636
520,Shalva Nadirua,DE,Berlin,,B3,6,daytime,no,0.518,0.72,-0.173,maradona-world-cup:0.09 world-cup-france-1998:0.082 france:0.067 world-cup-captains:0.064 italia-italy:-0.08 pele-world-cup:-0.15,no,3092302411201525
521,Data,GE,Zugdidi,,B3,2,evening,no,0.487,0.606,-0.168,90s:0.164 france:0.057 spain:-0.075 world-cup-spain-1982:-0.16 world-cup-goalkeepers:-0.164 manchester-united:-0.114,no,1139336666732225
522,Zaza Rustavshvili,GE,Akhaltsikhe,,B2,8,daytime,no,0.422,0.683,-0.177,brazil:0.086 uefa-euro:0.075 world-cup-goalkeepers:-0.141 france-world-cup:-0.151,no,3831115119422013
523,Elene Purtselshvili,GE,Gori,,B2,6,daytime,yes,0.312,0.381,-0.191,psg:0.064 barcelona:0.08 argentina-1978:0.144 england-world-cup:-0.075 ronaldo-world-cup:-0.088 portugal:-0.115 brazil-world-cup:-0.051,no,708675061979748
524,Ika Chkhikvadze,GE,Kutaisi,,B2,8,night_owl,no,0.287,0.825,0.275,uefa-euro:0.117 world-cup-south-africa-2010:0.158 football-logic:-0.141 italia-italy:-0.146 france:-0.097,no,3758850024903895
525,Kote Inasarshvili,GE,Tbilisi,,B3,7,daytime,no,0.532,0.76,0.095,00s:0.194 football-logic:0.105 world-cup-qatar-2022:0.09 soviet-union-world-cup:-0.143 manchester-city:-0.067 bundes-liga:-0.171,no,3102616445562305
526,Shota Odishadze,US,New York,,B2,2,evening,no,0.379,0.397,-0.077,germany-world-cup:0.109 maradona-world-cup:0.14 argentina-world-cup:-0.061 world-cup-records:-0.173 psg:-0.086 west-germany-1974:-0.083,no,3334332546494076
527,eldar lesgua,GR,Athens,,B2,8,daytime,no,0.354,0.361,0.045,10s:0.092 transfers:0.158 chelsea:0.184 germany:-0.134 premier-league:-0.079 milan:-0.079,no,2063756777824279
528,Pridon,GE,Ozurgeti,,B3,6,daytime,no,0.488,0.814,0.286,world-cup-mexico-1986:0.161 chelsea:0.153 maradona-world-cup:-0.196 argentina-world-cup:-0.113,no,1380009335753792
529,PavleA6422,GE,Tbilisi,,B4,2,evening,no,0.707,0.62,-0.223,arsenal:0.134 manchester-united:0.169 juventus:0.186 world-cup-finals:-0.188 barcelona:-0.064,no,1018442661809569
530,Gocha Dolidzshvili,GE,Rustavi,,B3,8,daytime,no,0.462,0.669,-0.197,world-cup-records:0.055 league-1:0.14 world-cup-kits:0.101 brazil:-0.189 world-cup-classics:-0.107 italia-italy:-0.154 dortmund:-0.178,no,1508625949644045
531,buba ubilidze,GE,Batumi,,B2,2,evening,no,0.337,0.798,0.065,chelsea:0.056 world-cup-italy-1990:0.138 netherlands-world-cup:-0.053 ronaldo-world-cup:-0.19 argentina:-0.153,no,322413350260691
532,DavitL,US,New York,,B2,10,evening,yes,0.273,0.471,-0.278,germany:0.163 10s:0.133 messi-world-cup:0.09 germany-world-cup:0.155 world-cup-germany-2006:-0.19 world-cup-crests:-0.054 imposter:-0.105 milan:-0.084,no,3623340204881698
533,emzarn,GE,Tbilisi,,B1 (bottom),10,evening,no,0.079,0.54,-0.205,kvnb-netherlands:0.092 brazil:0.107 barcelona:0.183 argentina-world-cup:0.181 world-cup-usa-1994:-0.107 world-cup-russia-2018:-0.156 uefa-euro:-0.179,yes,1655647490136063
534,koteg,GE,Akhaltsikhe,,B3,2,evening,no,0.595,0.691,0.186,germany:0.121 world-cup-brazil-2014:0.109 00s:-0.145 world-cup-germany-2006:-0.071 world-cup-finals:-0.106,no,4190866406943134
535,Tazoika,GE,Gori,,B1 (bottom),10,evening,no,0.086,0.654,-0.02,world-cup-goalkeepers:0.151 world-cup-france-1998:0.176 10s:-0.16 mexico-1970:-0.171 world-cup-spain-1982:-0.138 spain-world-cup:-0.054,no,350537048613769
536,davit qorididze,GE,Rustavi,,B3,2,evening,no,0.571,0.417,0.236,juventus:0.092 80s:0.083 10s:-0.089 world-cup-italy-1990:-0.127 chelsea:-0.135,no,4274908177126724
537,MishaZ,GE,Zugdidi,,B4,2,evening,no,0.732,0.836,0.109,kvnb-netherlands:0.065 soviet-union-world-cup:0.12 ronaldo-world-cup:-0.078 world-cup-champions:-0.152 club-world-cup:-0.11,no,4210514807298028
538,BESOUNA,GE,Gori,,B2,10,evening,no,0.361,0.651,-0.173,ballon-dor:0.142 psg:0.187 ronaldo-world-cup:-0.102 imposter:-0.098 world-cup-brazil-2014:-0.065,no,4347449229857256
539,NikushaL7,GE,Telavi,,B3,6,daytime,no,0.452,0.837,-0.194,juventus:0.185 league-1:0.061 spain:-0.163 career-path:-0.097,no,1101204122579930
540,gubazika,GE,Kutaisi,,B3,10,evening,no,0.486,0.723,0.272,kvnb-netherlands:0.181 italy-world-cup:0.159 football-logic:0.057 la-liga:-0.186 real-madrid:-0.135 world-cup-champions:-0.191,no,3496944609054411
541,Tasoiko,GE,Rustavi,,B1 (bottom),6,daytime,no,0.132,0.752,0.295,league-1:0.163 argentina:0.079 world-cup-captains:0.162 football-logic:0.089 premier-league:-0.141 inter-milan:-0.18,no,344249032132155
542,KakoN,GE,Gori,,B3,21,daytime,no,0.494,0.62,-0.162,bundes-liga:0.122 club-world-cup:0.066 soviet-union-world-cup:0.199 spain:0.094 italia-italy:-0.149 world-cup-stadiums:-0.051 career-path:-0.111,yes,3635132181036756
543,Vatoushka23,GE,Poti,,B3,10,morning,no,0.597,0.412,0.008,france:0.072 west-germany-1974:0.192 world-cup-mexico-1986:-0.179 italia-italy:-0.069,no,889888114978199
544,mananar,GE,Poti,,B5 (top),2,evening,no,0.811,0.356,0.13,world-cup-records:0.113 10s:0.088 psg:0.104 germany-world-cup:-0.169 seria-a:-0.084 west-germany-1974:-0.109 chelsea:-0.137,no,4445405874293071
545,Kakhi,GE,Akhaltsikhe,,B1 (bottom),2,evening,no,0.22,0.647,-0.202,world-cup-champions:0.073 career-path:0.059 world-cup-italy-1990:0.059 milan:0.119 bundes-liga:-0.087 dortmund:-0.194 world-cup-records:-0.057,no,2366025772155111
546,kakhig,GE,Kutaisi,,B3,2,evening,no,0.58,0.579,-0.175,soviet-union-world-cup:0.069 world-cup-korea-japan-2002:0.159 world-cup-south-africa-2010:0.124 career-path:0.155 juventus:-0.141 world-cup-captains:-0.107,no,2728991333052924
547,gurama,GE,Zugdidi,,B4,10,evening,no,0.61,0.705,-0.03,world-cup-brazil-2014:0.137 world-cup-france-1998:0.167 france-world-cup:0.177 world-cup-captains:-0.114 france:-0.169 world-cup-russia-2018:-0.166,no,3144477487575183
548,Lashao,GE,Kutaisi,,B4,21,daytime,no,0.631,0.716,-0.062,world-cup-goalkeepers:0.051 england:0.176 spain-world-cup:-0.157 world-cup-russia-2018:-0.106,no,3626229337500199
549,Ika Talakhshvili,GE,Rustavi,,B1 (bottom),8,night_owl,no,0.179,0.56,0.144,west-germany-1974:0.173 brazil-world-cup:0.117 world-cup-stadiums:0.19 bayern:-0.061 mexico-1970:-0.12 world-cup-germany-2006:-0.062 club-world-cup:-0.139,no,3482440320268780
550,Temur Nachkebidze,GE,Gori,,B2,10,evening,no,0.305,0.55,0.077,world-cup-finals:0.051 badges-and-logos:0.069 world-cup-mexico-1986:-0.098 portugal:-0.106 career-path:-0.104 uefa-euro:-0.132,no,1278546363112954
551,Medeaa111,GE,Poti,,B1 (bottom),8,evening,no,0.123,0.738,-0.001,world-cup-champions:0.08 world-cup-italy-1990:0.165 world-cup-germany-2006:0.062 premier-league:0.061 80s:-0.099 football-logic:-0.191,no,1563979254362655
552,mbappeka,GE,Telavi,,B3,2,evening,yes,0.499,0.753,-0.139,world-cup-germany-2006:0.11 netherlands-world-cup:0.073 messi-world-cup:0.094 brazil-world-cup:-0.19 world-cup-stadiums:-0.187 italy-world-cup:-0.129 pele-world-cup:-0.187,no,3788955882268656
553,ZURIKOB,GB,Birmingham,,B2,21,daytime,no,0.282,0.522,-0.053,brazil:0.185 world-cup-usa-1994:0.187 argentina-1978:0.104 world-cup-south-africa-2010:-0.13 inter-milan:-0.166,no,2238117568428683
554,Pridon23,GE,Akhaltsikhe,,B3,10,morning,no,0.512,0.627,0.072,bayern:0.051 world-cup-brazil-2014:0.06 ballon-dor:0.182 soviet-union-world-cup:0.073 00s:-0.085 world-cup-classics:-0.092 manchester-city:-0.144 germany:-0.109,no,332772329865055
555,temol eliashvili,GE,Tbilisi,,B3,2,evening,no,0.514,0.758,0.218,spain:0.118 argentina-world-cup:0.083 champios-leage:-0.157 liverpool:-0.11,no,4475307101154219
556,saba tsaguriidze,GE,Poti,,B2,11,morning,no,0.267,0.642,0.286,maradona-world-cup:0.098 germany:0.158 italia-italy:0.148 world-cup-italy-1990:-0.153 premier-league:-0.187,no,2895842273126129
557,Bachana Zarkshvili,GE,Zugdidi,,B2,2,evening,no,0.308,0.846,-0.066,career-path:0.091 world-cup-champions:0.082 milan:-0.139 world-cup-russia-2018:-0.09,yes,3427490297174634
558,Rezo Kraveishava,GB,London,,B3,2,evening,no,0.503,0.54,-0.149,ronaldo-world-cup:0.122 netherlands-world-cup:0.15 league-1:-0.158 inter-milan:-0.107 chelsea:-0.091 world-cup-france-1998:-0.178,no,4010344050779248
559,Guguiko,GE,Tbilisi,,B3,6,daytime,no,0.574,0.789,-0.002,inter-milan:0.14 world-cup:0.08 football-logic:0.12 arsenal:-0.198 germany-world-cup:-0.144,no,574584989629529
560,Nikaika,GE,Tbilisi,,B1 (bottom),10,evening,no,0.057,0.383,0.005,high-low:0.128 france-world-cup:0.083 ballon-dor:0.057 psg:-0.125 world-cup-kits:-0.185 career-path:-0.082 world-cup-qatar-2022:-0.163,no,3313172022003699
561,MirianK,GE,Poti,,B2,2,evening,no,0.445,0.353,-0.182,badges-and-logos:0.157 high-low:0.098 kvnb-netherlands:0.077 world-cup-crests:-0.172 club-world-cup:-0.104 spain:-0.118,no,2582812600226384
562,Ushangi,GE,Rustavi,,B2,2,evening,yes,0.319,0.464,-0.149,world-cup-records:0.168 world-cup-kits:0.087 badges-and-logos:0.147 brazil:-0.099 football-logic:-0.141,no,3504160843109638
563,Nana Sanikshvili,GE,Gori,,B1 (bottom),6,daytime,no,0.219,0.778,0.21,mexico-1970:0.187 football-logic:0.141 argentina-1978:0.088 italia-italy:-0.097 argentina:-0.17,no,461459102042193
564,Giga,GE,Gori,,B5 (top),8,evening,yes,0.768,0.366,-0.034,world-cup-germany-2006:0.128 world-cup-qatar-2022:0.163 soviet-union-world-cup:0.132 world-cup-brazil-2014:-0.151 80s:-0.122 world-cup-finals:-0.174 world-cup-italy-1990:-0.056,no,1486200922780322
565,Emzar Vashalidze,GE,Akhaltsikhe,,B1 (bottom),2,evening,no,0.196,0.819,-0.209,uefa-euro:0.059 manchester-city:0.198 france:0.176 world-cup-korea-japan-2002:-0.11 seria-a:-0.172 champios-leage:-0.167,no,960999443586878
566,Elizbarshvili,GE,Zugdidi,,B2,10,evening,no,0.394,0.494,0.221,netherlands-world-cup:0.141 world-cup-qatar-2022:0.08 argentina-1978:0.191 barcelona:-0.141 brazil-world-cup:-0.183 maradona-world-cup:-0.112,no,3895966582525872
567,Tako Ugrelishvili,ES,Barcelona,,B4,7,daytime,no,0.619,0.755,-0.11,world-cup-germany-2006:0.143 00s:0.157 bundes-liga:-0.165 barcelona:-0.168 world-cup-crests:-0.166 soviet-union-world-cup:-0.084,no,418831804499779
568,eldar sanikeli,ES,Barcelona,,B4,10,evening,no,0.642,0.391,0.041,spain:0.106 world-cup-stadiums:0.198 psg:-0.145 argentina-world-cup:-0.093 real-madrid:-0.075,no,1530250121404860
569,Vato,GE,Ozurgeti,,B1 (bottom),7,daytime,no,0.088,0.839,0.017,world-cup-spain-1982:0.198 premier-league:0.178 bayern:-0.147 england:-0.084 world-cup-south-africa-2010:-0.078 ballon-dor:-0.152,no,4279906996689317
570,Nugzar Avalshvili,GE,Tbilisi,,B3,2,evening,no,0.513,0.55,-0.055,world-cup-kits:0.131 ronaldo-world-cup:0.08 west-germany-1974:0.174 world-cup-finals:-0.104 world-cup-mexico-1986:-0.064,no,2390466666294798
571,Zurabka,GE,Akhaltsikhe,,B4,6,daytime,no,0.655,0.524,0.04,world-cup-south-africa-2010:0.147 england:0.168 kvnb-netherlands:0.118 liverpool:-0.098 spain:-0.198 psg:-0.084,no,243677509213313
572,EkaK09,GE,Ozurgeti,,B2,2,evening,no,0.399,0.84,-0.042,france:0.112 world-cup-crests:0.17 maradona-world-cup:-0.066 10s:-0.117 world-cup-germany-2006:-0.177 germany:-0.136,no,2001657759446029
573,IkaK6,GE,Akhaltsikhe,,B3,10,evening,no,0.572,0.634,-0.248,90s:0.119 world-cup-finals:0.163 manchester-united:-0.084 kvnb-netherlands:-0.103 liverpool:-0.193,no,768236509892894
574,Sergoo,US,New York,,B2,2,evening,no,0.267,0.606,0.149,world-cup-records:0.054 milan:0.16 maradona-world-cup:0.078 world-cup-spain-1982:-0.164 seria-a:-0.133,no,2826589499500070
575,Paata Arsenava,GE,Tbilisi,,B2,7,daytime,no,0.281,0.521,0.01,manchester-city:0.06 la-liga:0.066 world-cup-kits:0.091 world-cup-italy-1990:0.074 liverpool:-0.063 messi-world-cup:-0.167 france-world-cup:-0.13,no,1332288431585029
576,Ioseb Maisuridze,GE,Kutaisi,,B3,12,morning,no,0.588,0.37,0.196,world-cup-kits:0.139 premier-league:0.113 arsenal:0.185 england:0.097 italia-italy:-0.186 80s:-0.15 world-cup-qatar-2022:-0.199,no,4168409326517354
577,eldar bagratshvili,GE,Akhaltsikhe,,B4,13,morning,no,0.724,0.65,0.235,mexico-1970:0.179 world-cup-crests:0.086 world-cup-russia-2018:0.075 world-cup-south-africa-2010:0.071 argentina:-0.141 bundes-liga:-0.099,no,4256250016888641
578,Tengiz0,GE,Akhaltsikhe,,B1 (bottom),2,evening,no,0.106,0.843,-0.076,world-cup-kits:0.195 manchester-united:0.115 spain:0.089 football-logic:0.097 real-madrid:-0.182 00s:-0.183 world-cup-captains:-0.064,no,1304466583980365
579,goat,ES,Madrid,,B3,10,evening,no,0.488,0.49,0.069,juventus:0.071 world-cup-crests:0.176 pele-world-cup:-0.06 world-cup-russia-2018:-0.097 transfers:-0.089 world-cup-finals:-0.057,no,735291105858715
580,Tako Eliashava,GE,Telavi,,B5 (top),8,evening,no,0.868,0.724,-0.084,pele-world-cup:0.132 juventus:0.076 kvnb-netherlands:-0.179 brazil-world-cup:-0.107 maradona-world-cup:-0.19 champios-leage:-0.144,no,110828510225029
581,IrakayA,GE,Akhaltsikhe,,B4,10,morning,no,0.717,0.439,-0.142,badges-and-logos:0.115 argentina-1978:0.051 world-cup:0.112 bayern:-0.166 world-cup-classics:-0.19 real-madrid:-0.064 imposter:-0.1,yes,1854053588405609
582,Pridonuna,GE,Telavi,,B1 (bottom),13,morning,no,0.188,0.677,-0.212,real-madrid:0.057 world-cup-stadiums:0.159 argentina:-0.167 maradona-world-cup:-0.08 barcelona:-0.172 west-germany-1974:-0.058,no,1736992673548038
583,KhatiaD,GE,Rustavi,,B1 (bottom),6,daytime,no,0.101,0.822,0.1,brazil-world-cup:0.123 world-cup-kits:0.085 world-cup-captains:0.118 world-cup-qatar-2022:0.163 france-world-cup:-0.157 bayern:-0.165 argentina-world-cup:-0.148 real-madrid:-0.135,no,3676764429212868
584,Gogi Samkhariani,GE,Batumi,,B1 (bottom),8,evening,no,0.111,0.651,-0.108,inter-milan:0.102 juventus:0.058 maradona-world-cup:0.198 ronaldo-world-cup:0.109 argentina-1978:-0.19 messi-world-cup:-0.174 italy-world-cup:-0.177 seria-a:-0.158,yes,3223999412567208
585,Vato Mgelidze,GE,Poti,,B2,7,daytime,no,0.339,0.683,-0.02,germany:0.194 high-low:0.065 champios-leage:-0.136 germany-world-cup:-0.178,no,1536494883257474
586,Zuka Zhvanshvili,GE,Zugdidi,,B1 (bottom),2,evening,no,0.13,0.557,0.016,world-cup-brazil-2014:0.159 uefa-euro:0.101 la-liga:0.157 milan:0.088 world-cup-russia-2018:-0.128 argentina:-0.121,no,2921104237930035
587,Gigiuna,GR,Thessaloniki,,B3,7,daytime,no,0.571,0.493,0.266,career-path:0.11 high-low:0.133 soviet-union-world-cup:0.103 world-cup-germany-2006:0.168 premier-league:-0.193 world-cup-kits:-0.191 world-cup-captains:-0.131 badges-and-logos:-0.187,no,435721097404279
588,RAMOS248,GE,Poti,,B4,2,evening,no,0.622,0.46,0.143,world-cup-brazil-2014:0.128 career-path:0.136 badges-and-logos:-0.18 milan:-0.147 club-world-cup:-0.073 la-liga:-0.111,no,2196219038767595
589,Lali Phkhovelidze,GE,Batumi,,B3,8,evening,no,0.483,0.476,-0.12,imposter:0.191 high-low:0.191 world-cup-brazil-2014:-0.187 world-cup-mexico-1986:-0.068 world-cup-france-1998:-0.095 spain:-0.112,no,1914038384683418
590,Davitushka,GE,Ozurgeti,,B1 (bottom),8,daytime,no,0.111,0.645,-0.092,career-path:0.084 world-cup-germany-2006:0.115 world-cup-russia-2018:0.167 netherlands-world-cup:-0.089 world-cup-stadiums:-0.092,no,2843481128391203
591,ramaz sakvarelidze,GE,Akhaltsikhe,,B3,2,evening,no,0.483,0.612,0.047,germany:0.139 soviet-union-world-cup:0.161 club-world-cup:0.087 germany-world-cup:-0.131 psg:-0.174,no,431315752016104
592,TamarZ,GE,Telavi,,B2,7,daytime,no,0.388,0.695,-0.069,world-cup-brazil-2014:0.052 pele-world-cup:0.052 argentina:0.1 world-cup-france-1998:-0.139 bundes-liga:-0.146,no,1329387310479903
593,eldarb43,TR,Istanbul,,B4,2,evening,no,0.712,0.702,0.157,manchester-city:0.094 high-low:0.186 world-cup-goalkeepers:-0.077 barcelona:-0.088 80s:-0.19,no,2158778812874747
594,Purtselshvili,GE,Rustavi,,B4,8,daytime,no,0.607,0.489,-0.075,england:0.174 bundes-liga:0.166 badges-and-logos:0.165 world-cup-stadiums:-0.151 world-cup-germany-2006:-0.114,no,4308537300178508
595,Janoika,GE,Batumi,,B3,2,evening,no,0.503,0.771,0.031,pele-world-cup:0.108 la-liga:0.146 world-cup-south-africa-2010:0.192 world-cup-usa-1994:0.114 west-germany-1974:-0.065 kvnb-netherlands:-0.152 world-cup-italy-1990:-0.156,yes,2065071602206825
596,Nugzar Eliashvili,GE,Zugdidi,,B4,8,daytime,no,0.62,0.645,0.293,kvnb-netherlands:0.053 champios-leage:0.098 world-cup-finals:-0.065 world-cup-germany-2006:-0.135,no,18184608784358
597,Gugu8,GE,Poti,,B1 (bottom),10,evening,no,0.059,0.574,-0.064,spain-world-cup:0.161 liverpool:0.114 world-cup-south-africa-2010:-0.138 00s:-0.14 arsenal:-0.14,no,75540479525729
598,zaza chiradidze,GE,Akhaltsikhe,,B3,8,evening,no,0.499,0.406,-0.208,world-cup-south-africa-2010:0.111 bundes-liga:0.126 psg:0.08 dortmund:-0.127 argentina:-0.141 world-cup-germany-2006:-0.056 world-cup-spain-1982:-0.14,no,3769329545361797
599,LeksoB,TR,Ankara,,B1 (bottom),21,daytime,no,0.164,0.487,-0.125,world-cup-finals:0.129 juventus:0.174 chelsea:0.134 career-path:0.078 argentina-world-cup:-0.173 world-cup-crests:-0.107 world-cup-spain-1982:-0.152,no,2462525839509314
600,kukuri gagoshvili,GE,Rustavi,,B3,20,evening,no,0.459,0.756,-0.221,world-cup-mexico-1986:0.119 mexico-1970:0.185 dortmund:-0.149 spain:-0.083 ballon-dor:-0.19,no,213099205774948
601,VovaZ,GE,Batumi,,B3,6,daytime,yes,0.45,0.781,0.015,argentina:0.08 world-cup-records:0.104 dortmund:0.148 spain-world-cup:-0.077 world-cup-mexico-1986:-0.123 world-cup-germany-2006:-0.106,no,3286354239173981
602,Levanka1,GE,Rustavi,,B2,8,daytime,no,0.252,0.773,-0.126,maradona-world-cup:0.085 00s:0.152 world-cup-qatar-2022:0.149 manchester-city:-0.094 league-1:-0.128,no,1913912315834131
603,Eliso Kapanidze,GE,Ozurgeti,,B1 (bottom),2,evening,no,0.084,0.677,-0.067,world-cup-italy-1990:0.163 transfers:0.106 real-madrid:0.071 liverpool:0.17 world-cup-usa-1994:-0.061 la-liga:-0.052 world-cup-spain-1982:-0.199 world-cup-qatar-2022:-0.187,yes,690886163340363
604,Pridon4,GE,Zugdidi,,B3,6,daytime,no,0.483,0.824,0.083,world-cup-classics:0.126 90s:0.166 00s:0.189 seria-a:0.074 premier-league:-0.142 world-cup-south-africa-2010:-0.068 world-cup-records:-0.052 world-cup-qatar-2022:-0.176,no,1564884951478658
605,ioseb mamulidze,GB,Birmingham,,B2,2,evening,no,0.293,0.818,0.299,manchester-united:0.089 80s:0.2 italia-italy:0.132 psg:0.115 uefa-euro:-0.14 real-madrid:-0.143 mexico-1970:-0.171 chelsea:-0.193,no,2920683885488741
606,manana iremashvili,GE,Batumi,,B3,7,daytime,no,0.513,0.693,0.061,italia-italy:0.133 world-cup-france-1998:0.174 brazil-world-cup:0.102 west-germany-1974:0.056 la-liga:-0.198 00s:-0.152 bundes-liga:-0.125,no,384725800605357
607,golden759,GB,Birmingham,,B2,2,evening,no,0.254,0.378,0.028,france-world-cup:0.063 chelsea:0.155 world-cup:-0.118 club-world-cup:-0.096 italy-world-cup:-0.169 france:-0.146,no,142917712229084
608,Beka Kldiashvili,GE,Batumi,,B1 (bottom),2,evening,yes,0.065,0.827,0.111,10s:0.16 transfers:0.106 pele-world-cup:0.18 portugal:-0.195 bayern:-0.113 inter-milan:-0.177,no,962239774668793
609,Ioseb Lezhavshvili,GE,Rustavi,,B3,2,evening,no,0.509,0.479,0.125,pele-world-cup:0.113 world-cup-kits:0.078 world-cup-crests:0.119 maradona-world-cup:0.089 ronaldo-world-cup:-0.175 italia-italy:-0.088 messi-world-cup:-0.083 world-cup-finals:-0.061,no,3716837922782235
610,Ramaza,GE,Kutaisi,,B2,7,daytime,no,0.381,0.423,-0.048,france:0.05 world-cup-russia-2018:0.144 world-cup-italy-1990:-0.06 manchester-united:-0.077,no,4447185395960775
611,vaso janjgavidze,GE,Tbilisi,,B2,2,evening,no,0.28,0.503,-0.134,world-cup-kits:0.064 world-cup-stadiums:0.169 world-cup-spain-1982:0.1 pele-world-cup:-0.147 club-world-cup:-0.063 england:-0.126,yes,1626684898896353
612,giorgi eliashidze,GE,Ozurgeti,,B2,2,evening,no,0.361,0.578,0.256,italy-world-cup:0.195 bayern:0.178 argentina-world-cup:0.188 world-cup-mexico-1986:0.086 00s:-0.116 transfers:-0.108 inter-milan:-0.103 10s:-0.183,no,1419530572478062
613,mbappeiko,GE,Ozurgeti,,B1 (bottom),2,evening,no,0.236,0.74,0.142,chelsea:0.16 brazil:0.187 world-cup-south-africa-2010:0.07 argentina-world-cup:-0.132 90s:-0.17 world-cup-champions:-0.061,no,387031875428519
614,Lashaa23,GE,Batumi,,B3,8,daytime,no,0.587,0.586,0.113,world-cup-qatar-2022:0.127 kvnb-netherlands:0.113 netherlands-world-cup:0.051 world-cup-records:0.192 real-madrid:-0.156 soviet-union-world-cup:-0.083 club-world-cup:-0.079,no,2599492730385117
615,Salomeushka,US,New York,,B1 (bottom),8,evening,no,0.092,0.366,-0.237,imposter:0.123 pele-world-cup:0.152 career-path:0.191 juventus:0.167 world-cup-kits:-0.144 mexico-1970:-0.158 world-cup-russia-2018:-0.161 world-cup-stadiums:-0.177,no,2768237484568402
616,otari bakurshvili,GE,Tbilisi,,B3,2,evening,no,0.488,0.685,0.077,world-cup-classics:0.151 world-cup-kits:0.163 bundes-liga:0.152 manchester-city:0.193 world-cup-south-africa-2010:-0.156 world-cup-mexico-1986:-0.131,no,1022841256443846
617,Dataa,GE,Rustavi,,B3,8,daytime,no,0.505,0.77,-0.069,world-cup:0.147 world-cup-france-1998:0.081 club-world-cup:0.184 world-cup-mexico-1986:-0.187 italy-world-cup:-0.12 barcelona:-0.082,no,1557707876137555
618,Pridon Meladzidze,GE,Gori,,B2,6,daytime,no,0.311,0.476,-0.187,chelsea:0.1 world-cup:0.145 badges-and-logos:-0.132 world-cup-usa-1994:-0.116,no,2262368176233358
619,Shalva Beberadze,TR,Istanbul,,B3,6,daytime,no,0.499,0.752,0.128,spain:0.09 germany:0.131 club-world-cup:0.192 world-cup-france-1998:0.147 dortmund:-0.158 italy-world-cup:-0.066,no,3681444102609553
620,sopoa,GE,Tbilisi,,B2,12,morning,no,0.425,0.812,-0.023,chelsea:0.124 england-world-cup:0.064 dortmund:-0.095 brazil:-0.158 netherlands-world-cup:-0.088 ballon-dor:-0.058,no,4000204852037060
621,Lobzhidze,GE,Tbilisi,,B3,2,evening,no,0.559,0.496,0.129,world-cup-kits:0.069 world-cup-captains:0.064 argentina:-0.109 world-cup-germany-2006:-0.068 germany-world-cup:-0.088,no,2547065825224023
622,Bachana Mamulashvili,US,New York,,B4,10,evening,no,0.667,0.413,-0.283,pele-world-cup:0.074 manchester-city:0.144 dortmund:0.193 maradona-world-cup:-0.138 germany-world-cup:-0.114 england:-0.135,no,3965527578182898
623,IrakayR09,GE,Poti,,B3,10,evening,no,0.587,0.662,0.088,mexico-1970:0.092 80s:0.161 world-cup-south-africa-2010:-0.16 world-cup-goalkeepers:-0.137,no,3764617055157285
624,rezi lesgadze,GE,Batumi,,B3,2,evening,no,0.56,0.371,-0.082,arsenal:0.094 world-cup-stadiums:0.158 world-cup-usa-1994:0.166 world-cup-crests:-0.191 bundes-liga:-0.141,no,3113268145291364
625,uchag,GE,Rustavi,,B3,2,evening,no,0.453,0.636,-0.004,argentina-1978:0.172 uefa-euro:0.154 world-cup-brazil-2014:-0.061 90s:-0.065 imposter:-0.083,no,2459540393472999
626,Zaal Skangshvili,GE,Ozurgeti,,B1 (bottom),10,evening,no,0.114,0.729,-0.152,world-cup-captains:0.074 england:0.153 mexico-1970:0.128 italia-italy:0.176 champios-leage:-0.061 maradona-world-cup:-0.136 netherlands-world-cup:-0.112,no,936633563253410
627,Ilia,GE,Zugdidi,,B3,10,evening,no,0.588,0.81,0.232,maradona-world-cup:0.129 world-cup-goalkeepers:0.168 world-cup-south-africa-2010:0.095 10s:0.127 italy-world-cup:-0.064 dortmund:-0.165 italia-italy:-0.054 brazil-world-cup:-0.082,no,1145170047547784
628,Ushangi Peikrisheli,GE,Batumi,,B1 (bottom),6,daytime,no,0.147,0.473,0.018,manchester-united:0.157 world-cup-brazil-2014:0.055 psg:0.154 mexico-1970:0.074 world-cup-italy-1990:-0.193 imposter:-0.057 football-logic:-0.147,no,2073580173350816
629,RoinR,GE,Gori,,B2,8,evening,no,0.251,0.616,0.272,world-cup-crests:0.068 world-cup-korea-japan-2002:0.134 psg:0.181 barcelona:0.138 pele-world-cup:-0.071 france-world-cup:-0.083 career-path:-0.195 argentina-1978:-0.11,no,4302000298347270
630,nikolozika,GE,Kutaisi,,B5 (top),2,evening,no,0.852,0.677,-0.033,world-cup:0.151 argentina-1978:0.096 world-cup-classics:-0.18 00s:-0.069,no,3174633851114421
631,GigaL,TR,Istanbul,,B3,2,evening,no,0.589,0.831,-0.254,world-cup-champions:0.181 italy-world-cup:0.067 badges-and-logos:-0.165 messi-world-cup:-0.077,no,2743854164170443
632,Avaleli,GE,Telavi,,B3,8,night_owl,no,0.495,0.477,0.299,00s:0.169 liverpool:0.181 world-cup-qatar-2022:0.097 world-cup-records:-0.143 netherlands-world-cup:-0.161 la-liga:-0.173,no,3123494494813349
633,vakho23,GE,Gori,,B2,10,evening,no,0.431,0.409,-0.245,club-world-cup:0.099 inter-milan:0.095 argentina-1978:0.096 brazil-world-cup:-0.1 90s:-0.086,no,2036635282277195
634,Sergoushka7928,GE,Gori,,B4,10,evening,no,0.708,0.377,-0.042,liverpool:0.059 uefa-euro:0.162 world-cup-classics:0.086 world-cup-france-1998:0.096 club-world-cup:-0.064 00s:-0.195 world-cup-usa-1994:-0.159,no,4486722948542148
635,Gio Mgelshvili,GE,Batumi,,B3,2,evening,no,0.56,0.715,-0.094,bundes-liga:0.06 premier-league:0.082 world-cup-stadiums:0.151 world-cup-kits:0.113 mexico-1970:-0.13 world-cup-spain-1982:-0.163 world-cup-classics:-0.149 england-world-cup:-0.162,no,1442524403905236
636,elguja rustavidze,GE,Akhaltsikhe,,B1 (bottom),10,morning,no,0.212,0.374,0.265,world-cup-crests:0.198 world-cup-champions:0.164 80s:0.17 spain-world-cup:0.185 chelsea:-0.112 milan:-0.139,no,4310294725129455
637,Ika Zarkshvili,GE,Akhaltsikhe,,B4,2,evening,no,0.741,0.351,0.085,club-world-cup:0.192 spain-world-cup:0.108 world-cup-germany-2006:0.131 world-cup-stadiums:-0.195 messi-world-cup:-0.127 france:-0.157 world-cup-records:-0.196,no,1625731145366695
638,mishaika,GE,Poti,,B2,8,daytime,no,0.355,0.452,0.258,club-world-cup:0.109 spain-world-cup:0.172 italy-world-cup:0.073 chelsea:-0.078 liverpool:-0.06 spain:-0.135 world-cup-mexico-1986:-0.154,no,781929080388170
639,MedeaL1,GE,Kutaisi,,B2,10,evening,no,0.396,0.354,0.224,netherlands-world-cup:0.144 world-cup-classics:0.119 manchester-united:0.078 la-liga:0.154 seria-a:-0.115 world-cup-records:-0.174 10s:-0.163,no,608980870386555
640,tatouna1,TR,Ankara,,B3,10,evening,no,0.464,0.811,0.134,barcelona:0.055 world-cup-italy-1990:0.135 italia-italy:0.149 england-world-cup:0.154 00s:-0.167 france:-0.113 uefa-euro:-0.194 real-madrid:-0.106,no,416145656619041
641,Teimuraz Chanturishvili,GE,Tbilisi,,B3,8,night_owl,no,0.467,0.434,-0.171,barcelona:0.079 world-cup:0.166 high-low:0.052 messi-world-cup:-0.161 spain-world-cup:-0.114 inter-milan:-0.117,yes,3821596233375910
642,Emzar Chkhikvadze0,GE,Akhaltsikhe,,B2,6,daytime,no,0.419,0.462,0.18,champios-leage:0.182 juventus:0.166 england:0.088 badges-and-logos:0.14 imposter:-0.146 portugal:-0.094,no,4197614394535465
643,Taso Sanikidze,GB,London,,B3,12,morning,no,0.591,0.802,-0.295,uefa-euro:0.154 world-cup-stadiums:0.096 seria-a:-0.169 england:-0.093 world-cup-italy-1990:-0.161 brazil:-0.094,no,3989084108573354
644,PRIDONA,GB,Manchester,,B2,2,evening,no,0.299,0.545,0.05,real-madrid:0.085 uefa-euro:0.165 world-cup-captains:0.182 mexico-1970:-0.051 france:-0.199 england-world-cup:-0.059,no,2654817767362391
645,teas,GE,Tbilisi,,B3,21,daytime,yes,0.511,0.41,-0.185,imposter:0.193 00s:0.086 world-cup-champions:-0.152 transfers:-0.152 world-cup-italy-1990:-0.135 ballon-dor:-0.091,no,1345713272300295
646,Zuraba,GE,Zugdidi,,B3,10,evening,no,0.513,0.479,0.063,manchester-city:0.119 world-cup-champions:0.178 world-cup-qatar-2022:-0.181 liverpool:-0.18 bundes-liga:-0.146,yes,370696846390319
647,ushangi turashashvili,GE,Ozurgeti,,B2,6,daytime,no,0.309,0.789,-0.238,france-world-cup:0.087 world-cup-crests:0.19 psg:0.079 west-germany-1974:0.079 inter-milan:-0.057 bayern:-0.05 football-logic:-0.114 arsenal:-0.085,no,2084197461027298
648,irakay nozadava,TR,Istanbul,,B1 (bottom),2,evening,no,0.104,0.662,-0.08,kvnb-netherlands:0.104 10s:0.131 argentina:0.149 italia-italy:0.052 barcelona:-0.182 juventus:-0.186 football-logic:-0.135 england-world-cup:-0.066,no,4075674904678050
649,Datunaushka,GE,Zugdidi,,B1 (bottom),10,morning,no,0.21,0.653,0.268,world-cup-usa-1994:0.076 psg:0.146 la-liga:0.197 west-germany-1974:-0.074 netherlands-world-cup:-0.052,no,2514935401327078
650,mariam15,GE,Akhaltsikhe,,B4,2,evening,no,0.634,0.821,-0.247,world-cup-korea-japan-2002:0.193 world-cup:0.126 football-logic:-0.063 seria-a:-0.081 world-cup-records:-0.102 80s:-0.106,no,329433273178221
651,Vova23,GE,Poti,,B3,10,evening,no,0.542,0.541,0.249,world-cup-classics:0.169 club-world-cup:0.137 transfers:0.074 ballon-dor:0.127 world-cup-kits:-0.159 world-cup-finals:-0.17,no,2406653443383894
652,Zurikouna,GE,Batumi,,B4,2,evening,no,0.731,0.624,-0.006,world-cup-spain-1982:0.052 germany:0.146 world-cup-qatar-2022:-0.141 world-cup:-0.103,no,2508859135707963
653,Zura Tsagurishvili,GE,Poti,,B4,6,daytime,no,0.608,0.524,-0.167,world-cup-mexico-1986:0.165 world-cup-italy-1990:0.147 world-cup-crests:0.055 ronaldo-world-cup:0.12 soviet-union-world-cup:-0.166 league-1:-0.138 kvnb-netherlands:-0.122,no,81518597410627
654,mari arakiidze,GE,Akhaltsikhe,,B3,10,evening,no,0.494,0.524,0.201,germany:0.161 france-world-cup:0.174 arsenal:-0.086 seria-a:-0.146,no,3505413254296982
655,mikheilb.baller,GE,Poti,,B2,21,daytime,no,0.426,0.565,-0.03,world-cup:0.12 world-cup-mexico-1986:0.127 world-cup-usa-1994:-0.054 arsenal:-0.138 manchester-united:-0.088,no,3190997408072377
656,temolo,GE,Poti,,B2,8,evening,no,0.373,0.475,0.134,world-cup-captains:0.139 inter-milan:0.171 world-cup-classics:-0.071 manchester-united:-0.197 world-cup-goalkeepers:-0.178 world-cup-spain-1982:-0.19,no,3727531844880617
657,ushangi samkharshvili,GE,Akhaltsikhe,,B2,7,daytime,yes,0.25,0.466,-0.116,inter-milan:0.11 spain:0.119 psg:0.172 world-cup-goalkeepers:-0.069 10s:-0.078 brazil-world-cup:-0.095,no,3785130496602267
658,TamtaL,GE,Poti,,B2,8,daytime,no,0.371,0.8,-0.067,germany-world-cup:0.053 inter-milan:0.146 soviet-union-world-cup:0.134 arsenal:-0.075 world-cup-south-africa-2010:-0.069,no,824432461261471
659,Kldiashadze,GE,Poti,,B3,10,morning,yes,0.455,0.505,-0.291,football-logic:0.125 arsenal:0.099 90s:0.074 seria-a:-0.077 manchester-united:-0.141 maradona-world-cup:-0.131 80s:-0.193,no,2010149035525862
660,SandroN,GE,Batumi,,B2,8,daytime,no,0.391,0.677,0.001,world-cup-classics:0.134 world-cup-south-africa-2010:0.182 brazil-world-cup:0.082 juventus:-0.19 psg:-0.17 world-cup-champions:-0.199 90s:-0.054,no,1275127927878209
661,Lukaushka,GE,Zugdidi,,B2,2,evening,no,0.333,0.446,0.173,league-1:0.116 mexico-1970:0.107 world-cup-goalkeepers:0.197 psg:-0.115 arsenal:-0.072,no,2445971291481399
662,zukauna,GE,Tbilisi,,B1 (bottom),2,evening,no,0.177,0.662,-0.041,juventus:0.144 maradona-world-cup:0.181 bayern:0.174 dortmund:-0.151 pele-world-cup:-0.158 spain-world-cup:-0.094 inter-milan:-0.058,yes,4395384842402774
663,VATOUSHKA,GE,Ozurgeti,,B2,6,daytime,no,0.291,0.503,0.04,west-germany-1974:0.101 bayern:0.089 club-world-cup:-0.057 chelsea:-0.069 ballon-dor:-0.096,no,3084129645136134
664,Teimuraz,GE,Poti,,B2,2,evening,no,0.38,0.782,0.251,france-world-cup:0.085 argentina-1978:0.115 liverpool:0.145 dortmund:0.109 world-cup-qatar-2022:-0.189 badges-and-logos:-0.188 world-cup-mexico-1986:-0.136,no,2947238245080403
665,Malkhaz Qavtarshvili,GE,Telavi,,B4,8,daytime,no,0.646,0.591,0.089,world-cup-south-africa-2010:0.172 chelsea:0.06 80s:-0.186 90s:-0.076,no,1523565898619859
666,Gagoshvili23,GE,Poti,,B2,10,evening,no,0.336,0.542,0.07,pele-world-cup:0.108 maradona-world-cup:0.191 soviet-union-world-cup:0.116 world-cup-goalkeepers:-0.078 spain:-0.18,no,4221119833138893
667,Tengoa,GE,Rustavi,,B2,2,evening,no,0.415,0.554,-0.17,arsenal:0.056 world-cup-south-africa-2010:0.164 italy-world-cup:0.138 world-cup-crests:0.179 brazil-world-cup:-0.134 high-low:-0.052,no,1993193367337193
668,KetiA,GE,Ozurgeti,,B3,2,evening,no,0.46,0.378,-0.067,champios-leage:0.064 barcelona:0.077 world-cup-spain-1982:0.111 maradona-world-cup:-0.069 ronaldo-world-cup:-0.18 world-cup-captains:-0.116,no,2470341887089051
669,Giga Shengelshvili,GE,Kutaisi,,B2,11,morning,yes,0.259,0.637,-0.157,england:0.18 mexico-1970:0.194 ronaldo-world-cup:-0.151 netherlands-world-cup:-0.178,no,3217459339997052
670,sandro chanturiua,ES,Madrid,,B1 (bottom),13,morning,no,0.135,0.792,-0.156,league-1:0.093 champios-leage:0.194 world-cup-mexico-1986:0.124 argentina-1978:-0.066 premier-league:-0.067 messi-world-cup:-0.195,no,2172274326827086
671,iliao,US,New York,,B2,6,daytime,no,0.361,0.388,0.157,maradona-world-cup:0.153 world-cup:0.167 spain:0.147 italy-world-cup:-0.077 argentina-1978:-0.17,no,968994048998668
672,Lasha Purtselshvili,GE,Zugdidi,,B5 (top),2,evening,no,0.807,0.464,-0.146,england-world-cup:0.099 inter-milan:0.073 germany-world-cup:-0.147 spain-world-cup:-0.05 world-cup-crests:-0.178,no,2247592470667582
673,arteta1,GE,Poti,,B3,2,evening,yes,0.566,0.711,0.216,world-cup-records:0.101 league-1:0.192 00s:0.155 90s:-0.124 italy-world-cup:-0.087 england-world-cup:-0.171,no,2008584636803152
674,Pavle Natenadashvili,GE,Akhaltsikhe,,B2,2,evening,no,0.305,0.364,-0.214,football-logic:0.09 juventus:0.153 transfers:-0.099 world-cup-russia-2018:-0.078 liverpool:-0.106,no,4440160746873503
675,libero1,GE,Poti,,B1 (bottom),8,evening,no,0.233,0.715,-0.099,milan:0.138 world-cup-italy-1990:0.074 kvnb-netherlands:-0.198 barcelona:-0.154 world-cup-france-1998:-0.057 pele-world-cup:-0.175,no,3759534853557776
676,Manana Eliashvili,GE,Zugdidi,,B1 (bottom),7,daytime,no,0.202,0.794,-0.013,soviet-union-world-cup:0.056 bundes-liga:0.143 italy-world-cup:0.171 liverpool:0.055 world-cup-korea-japan-2002:-0.073 world-cup-spain-1982:-0.06 world-cup-brazil-2014:-0.161,no,2116285985391542
677,Lukasushka.kaisa,GE,Zugdidi,,B2,10,morning,no,0.33,0.702,-0.17,messi-world-cup:0.114 world-cup-goalkeepers:0.083 world-cup-south-africa-2010:-0.061 inter-milan:-0.072 netherlands-world-cup:-0.058 real-madrid:-0.194,no,496743865872411
678,tornik mikaashvili,GE,Poti,,B3,8,evening,no,0.473,0.807,-0.16,juventus:0.078 80s:0.075 world-cup-korea-japan-2002:0.17 world-cup-germany-2006:-0.119 argentina-1978:-0.063 world-cup-classics:-0.104 milan:-0.145,no,1209513719961876
679,Tengo Kldiashidze,GE,Batumi,,B1 (bottom),10,morning,no,0.079,0.614,-0.102,real-madrid:0.128 world-cup-mexico-1986:0.069 world-cup-classics:0.137 spain-world-cup:0.121 world-cup-italy-1990:-0.13 world-cup-goalkeepers:-0.136 uefa-euro:-0.186 argentina-1978:-0.144,no,3985542291092296
680,Gocha Kraveishiani,GE,Batumi,,B3,2,evening,no,0.524,0.752,0.082,world-cup-france-1998:0.133 career-path:0.087 world-cup-records:0.172 90s:-0.08 world-cup-spain-1982:-0.151,no,3990543618397926
681,Nikusha1,GE,Rustavi,,B5 (top),10,evening,no,0.88,0.446,0.079,world-cup-italy-1990:0.12 france:0.149 chelsea:-0.113 world-cup-korea-japan-2002:-0.112 badges-and-logos:-0.188 juventus:-0.181,no,427140573682988
682,kukuri69,GE,Zugdidi,,B1 (bottom),2,evening,no,0.198,0.458,0.085,premier-league:0.192 world-cup-korea-japan-2002:0.108 manchester-united:0.072 world-cup-captains:0.121 real-madrid:-0.155 career-path:-0.144,no,771364176979501
683,Sosoa,GE,Gori,,B1 (bottom),7,daytime,no,0.066,0.815,-0.297,soviet-union-world-cup:0.12 barcelona:0.144 football-logic:0.071 world-cup-korea-japan-2002:-0.077 milan:-0.169 world-cup-usa-1994:-0.186 career-path:-0.17,no,3888224280986320
684,Guga69,GE,Gori,,B3,7,daytime,no,0.553,0.647,0.206,liverpool:0.14 brazil-world-cup:0.136 brazil:0.085 dortmund:-0.11 world-cup-france-1998:-0.063 00s:-0.109,no,283476809307539
685,neymarka,GE,Rustavi,,B3,2,evening,no,0.536,0.556,0.084,la-liga:0.18 brazil:0.071 spain:-0.083 world-cup-italy-1990:-0.113 career-path:-0.145 world-cup-mexico-1986:-0.167,no,3097514954371124
686,nozadshvili14,GE,Zugdidi,,B2,20,evening,no,0.425,0.813,-0.139,world-cup-classics:0.087 argentina-1978:0.164 milan:0.2 brazil:-0.106 world-cup-germany-2006:-0.102,no,18872853578378
687,Vakhtang09,GE,Rustavi,,B3,2,evening,no,0.573,0.598,-0.024,bundes-liga:0.136 germany:0.114 world-cup-italy-1990:0.142 psg:0.153 italia-italy:-0.065 football-logic:-0.117 world-cup-stadiums:-0.112 transfers:-0.16,no,2886780759052637
688,Ketevan Abashvili,GE,Zugdidi,,B2,10,morning,no,0.37,0.533,0.086,brazil-world-cup:0.057 world-cup-qatar-2022:0.108 world-cup-spain-1982:0.151 world-cup-usa-1994:-0.054 transfers:-0.182 world-cup-south-africa-2010:-0.177,no,198370330949748
689,GioG,GB,Manchester,,B3,10,morning,no,0.6,0.598,0.209,milan:0.155 premier-league:0.079 spain-world-cup:0.076 world-cup-champions:0.087 00s:-0.135 champios-leage:-0.095 world-cup-usa-1994:-0.075 league-1:-0.153,no,1996995481267516
690,Konstantine Zhvanshvili,GE,Tbilisi,,B2,10,evening,no,0.381,0.846,0.094,liverpool:0.162 kvnb-netherlands:0.057 messi-world-cup:-0.082 world-cup-germany-2006:-0.092 west-germany-1974:-0.159 spain-world-cup:-0.123,no,2410076018634076
691,BadriT22,GE,Kutaisi,,B5 (top),8,night_owl,no,0.768,0.603,-0.036,world-cup-finals:0.117 west-germany-1974:0.111 argentina:0.077 world-cup-mexico-1986:-0.112 world-cup-germany-2006:-0.123 liverpool:-0.066,no,283428372063342
692,Ruradua,GE,Akhaltsikhe,,B1 (bottom),10,evening,no,0.241,0.359,-0.189,soviet-union-world-cup:0.135 brazil:0.148 la-liga:0.069 liverpool:0.143 seria-a:-0.114 argentina-1978:-0.152 league-1:-0.071,no,2224709558740280
693,otoika,GE,Akhaltsikhe,,B2,7,daytime,yes,0.357,0.732,-0.162,spain-world-cup:0.146 bundes-liga:0.1 brazil-world-cup:0.065 england-world-cup:-0.148 premier-league:-0.146,no,441275621522230
694,ilia purtseladze,GE,Kutaisi,,B4,8,daytime,yes,0.746,0.37,-0.232,england-world-cup:0.145 argentina-world-cup:0.159 pele-world-cup:0.135 liverpool:0.131 world-cup-mexico-1986:-0.087 dortmund:-0.076 manchester-city:-0.114,no,2705690722962510
695,Daviti Matchavarshvili,GE,Poti,,B3,2,evening,no,0.514,0.83,-0.268,england-world-cup:0.16 premier-league:0.122 ronaldo-world-cup:-0.18 portugal:-0.14,no,462947002449620
696,Zezva Phxovelshvili,GR,Athens,,B5 (top),6,daytime,no,0.879,0.549,-0.286,world-cup-italy-1990:0.188 england-world-cup:0.14 world-cup-brazil-2014:-0.177 portugal:-0.158 germany:-0.118,no,2676370687304881
697,Lali Gelashvili,GE,Poti,,B1 (bottom),20,evening,no,0.05,0.435,0.165,juventus:0.081 brazil-world-cup:0.176 soviet-union-world-cup:0.13 manchester-city:0.052 ronaldo-world-cup:-0.159 world-cup-brazil-2014:-0.17,no,2305151330077663
698,NikoN,GE,Rustavi,,B2,6,daytime,no,0.287,0.56,0.051,netherlands-world-cup:0.137 world-cup-mexico-1986:0.171 argentina-1978:0.098 milan:-0.115 portugal:-0.1 maradona-world-cup:-0.17,no,2345621101667300
699,GubazK,GE,Ozurgeti,,B3,7,daytime,no,0.465,0.565,-0.179,world-cup-italy-1990:0.158 transfers:0.055 real-madrid:-0.051 00s:-0.156 high-low:-0.117,no,4424772308904325
700,Iuriushka,GE,Telavi,,B2,7,daytime,no,0.425,0.778,-0.281,world-cup-classics:0.096 world-cup-germany-2006:0.104 dortmund:0.166 premier-league:0.199 arsenal:-0.08 pele-world-cup:-0.123 badges-and-logos:-0.162,no,4475809245134933
701,Lado,GE,Zugdidi,,B4,2,evening,no,0.671,0.717,-0.067,liverpool:0.183 world-cup-goalkeepers:0.158 world-cup-finals:0.12 italia-italy:-0.139 football-logic:-0.17,yes,2019278349437520
702,BidzinaN,GE,Tbilisi,,B5 (top),10,evening,no,0.76,0.693,-0.017,france-world-cup:0.077 messi-world-cup:0.134 world-cup-champions:-0.111 world-cup:-0.17,no,3211380094691176
703,Temol Gogitchshvili,ES,Madrid,,B1 (bottom),8,evening,no,0.16,0.356,-0.054,bayern:0.173 france:0.079 brazil:0.164 ballon-dor:0.166 england:-0.063 maradona-world-cup:-0.156,no,545156689239930
704,kaki natenadshvili,TR,Ankara,,B3,2,evening,yes,0.529,0.448,0.023,world-cup-korea-japan-2002:0.064 uefa-euro:0.156 germany:0.11 soviet-union-world-cup:-0.192 world-cup-spain-1982:-0.179,no,1242677691946116
705,gigaa,GE,Batumi,,B1 (bottom),2,evening,no,0.186,0.728,0.287,world-cup-mexico-1986:0.196 france:0.129 manchester-city:-0.055 soviet-union-world-cup:-0.146,no,953235045237107
706,Zukaushka,GE,Tbilisi,,B1 (bottom),21,daytime,no,0.235,0.796,0.146,portugal:0.09 argentina:0.178 imposter:-0.071 chelsea:-0.117 world-cup-usa-1994:-0.145,no,796658575204531
707,TazoS,GE,Akhaltsikhe,,B4,21,daytime,yes,0.626,0.79,0.088,dortmund:0.136 premier-league:0.135 psg:0.147 transfers:0.162 chelsea:-0.069 world-cup:-0.107 league-1:-0.073 argentina-1978:-0.173,no,4488093249962948
708,Nugo,GE,Kutaisi,,B3,11,morning,no,0.596,0.543,0.244,ballon-dor:0.134 italy-world-cup:0.104 world-cup-kits:-0.07 england-world-cup:-0.193 soviet-union-world-cup:-0.19,no,470760061706303
709,Tazouna,GE,Gori,,B4,6,daytime,no,0.668,0.732,0.223,career-path:0.182 world-cup-usa-1994:0.102 maradona-world-cup:-0.189 psg:-0.17 spain-world-cup:-0.198 world-cup-crests:-0.112,no,2894623687561779
710,Davitka,GE,Akhaltsikhe,,B1 (bottom),10,evening,no,0.075,0.603,0.132,badges-and-logos:0.063 messi-world-cup:0.073 england-world-cup:-0.09 career-path:-0.195 argentina-1978:-0.117,no,3752180978617581
711,ZezvaK,GE,Zugdidi,,B3,6,daytime,no,0.512,0.439,0.014,italia-italy:0.067 world-cup-qatar-2022:0.067 france-world-cup:0.101 80s:0.118 spain-world-cup:-0.163 career-path:-0.199 germany-world-cup:-0.058,no,2815897741599851
712,teimuraz arakishvili,GE,Gori,,B3,2,evening,no,0.595,0.521,-0.245,champios-leage:0.172 world-cup-records:0.189 world-cup:0.199 chelsea:-0.102 messi-world-cup:-0.076 world-cup-brazil-2014:-0.152,no,2181051796256662
713,Rati Dolidzshvili,GE,Gori,,B1 (bottom),7,daytime,no,0.246,0.444,-0.13,ballon-dor:0.174 france:0.148 france-world-cup:-0.185 spain-world-cup:-0.181 uefa-euro:-0.098 argentina-world-cup:-0.123,no,708915911462098
714,Temol Matchavarava,GE,Akhaltsikhe,,B3,10,evening,no,0.464,0.651,-0.135,world-cup-goalkeepers:0.172 milan:0.161 world-cup-finals:-0.194 world-cup-records:-0.15 80s:-0.168,no,697989311795287
715,Sanikidze,GE,Tbilisi,,B1 (bottom),2,evening,no,0.136,0.643,0.209,80s:0.184 netherlands-world-cup:0.162 career-path:-0.191 soviet-union-world-cup:-0.18 milan:-0.138 manchester-united:-0.14,no,1215980448883893
716,bubaa23,GE,Zugdidi,,B2,2,evening,no,0.369,0.702,0.135,netherlands-world-cup:0.142 league-1:0.104 soviet-union-world-cup:0.161 kvnb-netherlands:-0.075 80s:-0.067 world-cup-finals:-0.147 career-path:-0.197,no,1556971549831579
717,Vakhoo14,GE,Tbilisi,,B2,10,morning,no,0.404,0.468,-0.136,soviet-union-world-cup:0.081 kvnb-netherlands:0.06 00s:0.071 ballon-dor:-0.07 brazil:-0.195 west-germany-1974:-0.072 arsenal:-0.17,no,2369101025775807
718,EldarL,GE,Gori,,B2,7,daytime,no,0.437,0.679,-0.206,west-germany-1974:0.144 france-world-cup:0.092 world-cup-finals:-0.129 dortmund:-0.116 world-cup-france-1998:-0.073 world-cup-spain-1982:-0.171,no,2980384212393864
719,AniaK,DE,Berlin,,B5 (top),8,evening,no,0.899,0.413,0.091,spain:0.107 liverpool:0.153 france-world-cup:0.075 career-path:-0.104 world-cup-finals:-0.197,no,646643399258103
720,IkaR09,GE,Akhaltsikhe,,B1 (bottom),10,evening,no,0.094,0.728,0.184,world-cup-brazil-2014:0.055 league-1:0.074 spain-world-cup:-0.107 france:-0.13 argentina:-0.197 world-cup-finals:-0.171,no,3792602433306637
721,Chadunshvili,GE,Akhaltsikhe,,B3,2,evening,no,0.471,0.601,0.155,argentina-1978:0.113 badges-and-logos:0.157 liverpool:0.052 manchester-united:-0.098 world-cup-italy-1990:-0.068 world-cup-captains:-0.142 league-1:-0.141,no,2393313036262786
722,imnadze,GE,Akhaltsikhe,,B3,10,morning,no,0.521,0.757,0.028,mexico-1970:0.131 manchester-united:0.188 netherlands-world-cup:-0.141 world-cup-france-1998:-0.108 italy-world-cup:-0.156 la-liga:-0.198,no,4400302176334498
723,Vaso,GE,Gori,,B1 (bottom),6,daytime,no,0.151,0.441,-0.151,pele-world-cup:0.178 france:0.073 uefa-euro:0.17 chelsea:-0.165 brazil:-0.088,no,1372272460809233
724,Bachoiko,GE,Rustavi,,B1 (bottom),8,evening,no,0.123,0.51,0.052,world-cup-champions:0.121 italia-italy:0.129 psg:0.134 chelsea:0.077 real-madrid:-0.064 west-germany-1974:-0.168 uefa-euro:-0.108 inter-milan:-0.173,no,2750983458551541
725,AnanoB23,GR,Athens,,B4,8,evening,no,0.71,0.389,0.275,liverpool:0.128 world-cup-russia-2018:0.088 world-cup-germany-2006:0.112 world-cup-italy-1990:-0.134 transfers:-0.089 world-cup:-0.109 ronaldo-world-cup:-0.095,no,344470794780956
726,კოკა14,GE,Zugdidi,,B4,10,evening,yes,0.681,0.457,0.02,world-cup:0.149 brazil-world-cup:0.106 world-cup-usa-1994:0.106 league-1:-0.125 imposter:-0.098,no,4177205768118810
727,mbappe15,GE,Gori,,B2,2,evening,no,0.441,0.477,0.161,england-world-cup:0.17 world-cup-germany-2006:0.196 premier-league:-0.197 world-cup-russia-2018:-0.082,no,1661151778541061
728,iuria,GE,Poti,,B1 (bottom),7,daytime,yes,0.076,0.736,0.195,brazil-world-cup:0.064 world-cup-russia-2018:0.135 italia-italy:-0.051 club-world-cup:-0.083,no,2722166886003384
729,Ushangika,GE,Telavi,,B3,7,daytime,yes,0.465,0.582,0.227,world-cup-usa-1994:0.134 kvnb-netherlands:0.113 high-low:-0.087 mexico-1970:-0.063 career-path:-0.112,no,1428393586745927
730,lado zarkiani,GR,Thessaloniki,,B3,2,evening,no,0.533,0.641,0.002,career-path:0.157 barcelona:0.098 psg:0.163 transfers:0.198 bayern:-0.142 world-cup-classics:-0.079 uefa-euro:-0.073 juventus:-0.164,no,169019367989974
731,MikheilR,GE,Poti,,B4,2,evening,no,0.699,0.819,-0.257,real-madrid:0.126 france-world-cup:0.052 world-cup-korea-japan-2002:-0.125 west-germany-1974:-0.175,no,1120818191439481
732,Tako,DE,Berlin,,B5 (top),21,daytime,no,0.782,0.695,0.043,argentina:0.054 champios-leage:0.148 premier-league:0.102 milan:-0.055 badges-and-logos:-0.063 10s:-0.156 transfers:-0.114,no,679765245332784
733,Vakhtang Shengelava,GE,Telavi,,B1 (bottom),8,evening,no,0.155,0.559,-0.281,world-cup:0.064 real-madrid:0.123 argentina-1978:0.122 world-cup-russia-2018:-0.137 world-cup-korea-japan-2002:-0.152 world-cup-captains:-0.128 juventus:-0.174,no,2915711759102040
734,Tengouna.maestro22,GE,Tbilisi,,B5 (top),11,morning,no,0.85,0.794,-0.058,argentina-world-cup:0.171 manchester-city:0.136 world-cup-mexico-1986:0.149 world-cup-russia-2018:-0.199 spain-world-cup:-0.158 germany-world-cup:-0.123 portugal:-0.157,yes,1347315510394945
735,paataiko,GE,Zugdidi,,B2,7,daytime,no,0.42,0.835,0.26,manchester-city:0.089 world-cup-mexico-1986:0.061 mexico-1970:0.139 league-1:-0.089 ballon-dor:-0.078 world-cup-crests:-0.115 brazil-world-cup:-0.053,no,2570433140141602
736,legend,GE,Kutaisi,,B1 (bottom),2,evening,no,0.205,0.44,-0.235,brazil-world-cup:0.157 germany:0.126 west-germany-1974:-0.093 pele-world-cup:-0.196,no,3961747517419649
737,Otari Inasarshvili,GE,Kutaisi,,B2,2,evening,no,0.442,0.624,-0.017,world-cup-south-africa-2010:0.095 france:0.083 world-cup-france-1998:0.186 ballon-dor:0.169 brazil:-0.087 psg:-0.078 world-cup-crests:-0.098,no,4137771064474913
738,Mishao,GE,Telavi,,B4,8,daytime,no,0.738,0.435,-0.173,world-cup-usa-1994:0.071 ronaldo-world-cup:0.17 england:0.067 transfers:0.137 france-world-cup:-0.05 world-cup-classics:-0.12 world-cup-brazil-2014:-0.118,no,1645560342086303
739,OtoM23,GE,Zugdidi,,B3,8,evening,no,0.588,0.824,0.174,world-cup-goalkeepers:0.118 france-world-cup:0.064 world-cup-france-1998:0.188 world-cup-finals:0.136 spain:-0.181 seria-a:-0.195 imposter:-0.064 80s:-0.081,no,4346976389239347
740,Lukaika,GE,Batumi,,B2,8,daytime,no,0.289,0.668,0.158,ronaldo-world-cup:0.183 transfers:0.092 chelsea:0.078 world-cup-russia-2018:0.176 portugal:-0.058 football-logic:-0.094 france-world-cup:-0.066 real-madrid:-0.157,no,4128656688353933
741,iliab,GE,Telavi,,B2,2,evening,no,0.427,0.818,0.175,world-cup-spain-1982:0.156 world-cup-italy-1990:0.187 world-cup-korea-japan-2002:0.096 spain-world-cup:-0.146 club-world-cup:-0.141,no,4053115820413211
742,Mariam Gelashashvili,GE,Zugdidi,,B2,2,evening,no,0.291,0.384,0.068,world-cup-mexico-1986:0.176 world-cup-kits:0.154 netherlands-world-cup:0.064 argentina:0.107 league-1:-0.105 brazil:-0.145,no,3055394568716353
743,rezob16,GE,Akhaltsikhe,,B2,2,evening,no,0.418,0.675,-0.295,pele-world-cup:0.137 world-cup-brazil-2014:0.078 world-cup-usa-1994:0.088 club-world-cup:-0.135 league-1:-0.145 00s:-0.161,no,2373299786534461
744,gogichshvili,GE,Poti,,B3,10,evening,no,0.559,0.632,0.15,west-germany-1974:0.197 kvnb-netherlands:0.07 barcelona:0.099 world-cup-finals:0.051 soviet-union-world-cup:-0.166 mexico-1970:-0.189 germany:-0.087 england-world-cup:-0.18,no,3511056695099714
745,rati bagratiani,GE,Zugdidi,,B1 (bottom),10,evening,yes,0.141,0.721,0.174,football-logic:0.065 00s:0.125 world-cup-france-1998:-0.177 league-1:-0.127 club-world-cup:-0.189 uefa-euro:-0.137,no,3524752640950891
746,Medea09,GE,Ozurgeti,,B3,6,daytime,yes,0.488,0.595,-0.124,league-1:0.097 world-cup-usa-1994:0.178 inter-milan:-0.08 real-madrid:-0.175 bayern:-0.128,no,3690761100963487
747,Ioseb,GE,Rustavi,,B3,10,evening,no,0.567,0.772,0.161,mexico-1970:0.2 spain-world-cup:0.068 italia-italy:0.09 germany:0.176 inter-milan:-0.143 italy-world-cup:-0.086 world-cup-qatar-2022:-0.152,no,3628294822305865
748,Iuri Arakishvili,GR,Athens,,B1 (bottom),21,daytime,no,0.231,0.564,-0.091,world-cup:0.126 england:0.145 dortmund:0.166 football-logic:0.155 world-cup-usa-1994:-0.126 argentina-world-cup:-0.165 juventus:-0.164,no,3776971808602034
749,Shalva Gagoshiani,GE,Batumi,,B1 (bottom),6,daytime,no,0.05,0.36,0.194,world-cup-crests:0.071 brazil:0.15 world-cup-classics:-0.19 world-cup-italy-1990:-0.109 pele-world-cup:-0.084 world-cup-south-africa-2010:-0.181,no,696502976595751
750,Tako Chiradashvili,GE,Kutaisi,,B2,2,evening,yes,0.292,0.588,-0.239,world-cup-brazil-2014:0.055 juventus:0.19 world-cup-mexico-1986:0.096 imposter:0.09 club-world-cup:-0.197 barcelona:-0.108,no,1750752942532241
751,aniat,GE,Rustavi,,B3,21,daytime,no,0.592,0.564,-0.169,psg:0.159 world-cup-mexico-1986:0.141 ronaldo-world-cup:-0.059 kvnb-netherlands:-0.141,no,3445309258194900
752,ლუკა,GE,Ozurgeti,,B3,10,evening,no,0.494,0.821,-0.201,career-path:0.161 england-world-cup:0.12 real-madrid:0.095 ballon-dor:0.148 argentina:-0.19 high-low:-0.1 juventus:-0.145,no,105214100511420
753,GegaM,GE,Rustavi,,B3,2,evening,no,0.556,0.779,-0.049,argentina-1978:0.192 10s:0.198 world-cup-brazil-2014:-0.194 world-cup-spain-1982:-0.176,no,3967656855881324
754,hamsiko,GE,Akhaltsikhe,,B2,6,daytime,no,0.403,0.78,-0.135,argentina:0.073 world-cup-captains:0.171 career-path:0.058 liverpool:-0.178 world-cup:-0.096,no,4379227350075417
755,Vaska Ekhvaiadze,GE,Gori,,B2,10,evening,no,0.373,0.637,0.261,high-low:0.175 west-germany-1974:0.113 transfers:0.059 career-path:-0.052 world-cup-brazil-2014:-0.062 england-world-cup:-0.183 imposter:-0.138,no,570925330948029
756,Kaki Kublashvili,GE,Kutaisi,,B3,10,morning,no,0.505,0.8,-0.192,germany-world-cup:0.095 argentina-1978:0.095 manchester-city:0.122 world-cup-korea-japan-2002:0.056 badges-and-logos:-0.099 world-cup-italy-1990:-0.07 world-cup-kits:-0.098,no,2070283341519088
757,rati peikrishadze,GE,Rustavi,,B5 (top),6,daytime,no,0.889,0.668,0.087,psg:0.098 juventus:0.145 imposter:-0.092 football-logic:-0.053,no,1784577712520590
758,Giga Japaridze,GE,Telavi,,B2,2,evening,no,0.333,0.847,-0.232,ronaldo-world-cup:0.053 world-cup-brazil-2014:0.14 france:0.174 real-madrid:-0.116 liverpool:-0.184,no,2655787315120798
759,Sopho Kiknshvili,GE,Akhaltsikhe,,B4,7,daytime,no,0.677,0.648,-0.127,world-cup-brazil-2014:0.196 00s:0.082 world-cup-qatar-2022:0.079 psg:0.054 england-world-cup:-0.11 portugal:-0.058 kvnb-netherlands:-0.114,no,3464275168610043
760,Takoo,GE,Gori,,B4,8,daytime,no,0.734,0.414,-0.21,ronaldo-world-cup:0.096 imposter:0.194 world-cup-captains:0.163 00s:-0.101 world-cup-france-1998:-0.102 psg:-0.181,no,4104486177978965
761,pavle odishvili,GE,Zugdidi,,B2,2,evening,no,0.448,0.787,-0.27,germany-world-cup:0.113 world-cup-records:0.133 france-world-cup:0.186 champios-leage:-0.109 west-germany-1974:-0.194 80s:-0.129,yes,2658304453622795
762,irakli gogichshvili,GE,Kutaisi,,B1 (bottom),11,morning,no,0.097,0.71,0.146,barcelona:0.088 psg:0.133 champios-leage:-0.146 ballon-dor:-0.075 world-cup-champions:-0.11 80s:-0.078,yes,1589803862295445
763,dataiko,GE,Gori,,B2,2,evening,no,0.439,0.677,-0.091,club-world-cup:0.18 world-cup-mexico-1986:0.114 milan:-0.133 world-cup-korea-japan-2002:-0.05,yes,589966351617215
764,Irakli539,GE,Batumi,,B4,8,daytime,no,0.703,0.512,0.212,portugal:0.057 world-cup-usa-1994:0.144 league-1:0.182 spain:0.197 world-cup-mexico-1986:-0.068 arsenal:-0.053,no,1948789317991568
765,Tazoa,GE,Telavi,,B3,10,morning,no,0.513,0.67,-0.266,france-world-cup:0.188 world-cup-france-1998:0.051 netherlands-world-cup:0.177 world-cup-kits:-0.09 champios-leage:-0.148,no,3580091661704197
766,Vaso Tsalugelshvili,GE,Rustavi,,B3,8,evening,no,0.547,0.773,-0.194,world-cup:0.09 club-world-cup:0.086 france-world-cup:0.161 world-cup-spain-1982:-0.158 world-cup-mexico-1986:-0.142 world-cup-champions:-0.09 champios-leage:-0.071,no,2627956013341518
767,Bacho Tsaguriidze,GE,Gori,,B3,8,evening,no,0.581,0.49,-0.127,argentina-1978:0.121 club-world-cup:0.092 inter-milan:0.062 france-world-cup:-0.126 real-madrid:-0.158 world-cup-usa-1994:-0.18,no,3347724766916906
768,Teimuraz Mamulashvili,TR,Izmir,,B2,2,evening,yes,0.263,0.509,0.202,chelsea:0.147 world-cup-spain-1982:0.084 dortmund:0.073 kvnb-netherlands:-0.18 liverpool:-0.063,no,1065013975670883
769,Revaza23,DE,Berlin,Chelsea,B3,6,daytime,no,0.55,0.718,-0.05,00s:0.153 barcelona:0.083 west-germany-1974:0.087 spain-world-cup:0.092 world-cup-finals:-0.157 france:-0.182,no,2895223151202996
770,ZukaN1,GE,Rustavi,,B2,6,daytime,no,0.266,0.585,0.149,high-low:0.147 manchester-city:0.154 world-cup-spain-1982:0.125 world-cup-mexico-1986:-0.165 argentina-1978:-0.13 milan:-0.094,no,1711468428288719
771,Data Shengelava,GE,Batumi,,B2,2,evening,no,0.362,0.818,-0.241,world-cup-korea-japan-2002:0.153 netherlands-world-cup:0.126 00s:-0.186 real-madrid:-0.134,no,3175974253529284
772,Tazo Ugulshvili,GE,Poti,,B3,21,daytime,no,0.468,0.539,0.016,world-cup-records:0.064 france-world-cup:0.069 barcelona:0.178 england:0.131 world-cup-stadiums:-0.117 italy-world-cup:-0.131 high-low:-0.136 imposter:-0.14,no,208745273311587
773,GigiS,GE,Ozurgeti,,B5 (top),6,daytime,no,0.751,0.818,0.231,world-cup-south-africa-2010:0.152 juventus:0.104 world-cup-stadiums:0.187 world-cup-captains:-0.177 west-germany-1974:-0.078 barcelona:-0.078 germany-world-cup:-0.148,no,1768624381311210
774,nikolozo14,GE,Poti,,B2,8,evening,yes,0.331,0.747,0.24,chelsea:0.057 england:0.075 imposter:0.183 manchester-united:0.085 bundes-liga:-0.084 manchester-city:-0.177 career-path:-0.061 world-cup-finals:-0.105,no,3757896580077164
775,ushangi avalshvili,GE,Batumi,,B4,7,daytime,yes,0.652,0.776,-0.093,imposter:0.1 00s:0.167 badges-and-logos:0.076 world-cup-russia-2018:-0.189 juventus:-0.157,no,3420687792206276
776,Zaza,DE,Munich,,B3,2,evening,yes,0.527,0.385,0.257,world-cup-records:0.134 uefa-euro:0.142 spain-world-cup:0.134 germany:-0.144 portugal:-0.167 england-world-cup:-0.056,no,3148675129083544
777,shota qavtarashvili,GE,Akhaltsikhe,,B3,20,evening,no,0.502,0.65,0.278,90s:0.153 world-cup-goalkeepers:0.183 england-world-cup:0.173 manchester-united:-0.102 ronaldo-world-cup:-0.086,no,3586743749028668
778,papavshvili,TR,Ankara,,B3,2,evening,no,0.462,0.494,0.05,manchester-united:0.088 france-world-cup:0.083 world-cup-records:0.174 80s:0.164 argentina-world-cup:-0.192 world-cup-kits:-0.102,no,2739809614102126
779,levank69,US,Chicago,,B3,21,daytime,no,0.579,0.449,0.005,england-world-cup:0.103 football-logic:0.145 seria-a:-0.146 maradona-world-cup:-0.061 portugal:-0.059,no,3971269039654014
780,Mariam Ekhvaiava,DE,Munich,,B3,10,morning,no,0.52,0.593,-0.079,premier-league:0.127 football-logic:0.083 career-path:-0.191 club-world-cup:-0.07,no,386975283510073
781,Gugu Nadiridze,GE,Batumi,,B2,6,daytime,no,0.351,0.492,0.058,world-cup-stadiums:0.086 world-cup-south-africa-2010:0.178 argentina-world-cup:0.15 uefa-euro:-0.155 champios-leage:-0.194 arsenal:-0.146,no,3243314521886604
782,Ika Chiradshvili,GE,Akhaltsikhe,,B3,2,evening,no,0.496,0.829,0.001,world-cup-italy-1990:0.082 argentina-1978:0.133 champios-leage:0.11 world-cup-goalkeepers:-0.094 manchester-united:-0.067,no,1761220988354395
783,Kakhi Amiranshvili,GE,Gori,,B2,6,daytime,no,0.432,0.429,0.228,ronaldo-world-cup:0.128 west-germany-1974:0.118 brazil-world-cup:-0.072 england:-0.187 germany:-0.088,no,262182095625835
784,kote lordkipashvili,GE,Poti,,B2,2,evening,no,0.41,0.849,-0.033,manchester-city:0.071 germany-world-cup:0.053 world-cup-stadiums:-0.148 world-cup-spain-1982:-0.193,no,2229149736085586
785,medea kemokladze,GE,Ozurgeti,,B1 (bottom),8,daytime,yes,0.133,0.681,-0.148,world-cup-classics:0.178 00s:0.149 juventus:-0.085 manchester-united:-0.163 la-liga:-0.195 milan:-0.072,no,2006455300685043
786,GochaL,GE,Batumi,,B3,2,evening,no,0.469,0.511,0.166,netherlands-world-cup:0.165 world-cup-captains:0.111 seria-a:0.184 spain-world-cup:0.14 league-1:-0.134 club-world-cup:-0.067 spain:-0.142 world-cup-usa-1994:-0.062,no,2074304961186711
787,დათო1433,GE,Batumi,,B1 (bottom),2,evening,no,0.14,0.617,0.09,west-germany-1974:0.15 world-cup-mexico-1986:0.179 italy-world-cup:-0.181 brazil:-0.197 barcelona:-0.18,no,2202165070991518
788,Merab Lomidshvili,GE,Batumi,,B2,10,evening,no,0.426,0.645,-0.292,mexico-1970:0.114 imposter:0.153 world-cup-classics:0.073 milan:-0.119 world-cup-usa-1994:-0.07 world-cup-south-africa-2010:-0.178,no,1842102960326355
789,Uchaka,GE,Rustavi,,B4,8,evening,no,0.643,0.477,-0.162,milan:0.164 england-world-cup:0.101 manchester-united:0.055 club-world-cup:0.166 italy-world-cup:-0.162 world-cup-brazil-2014:-0.095,no,1573015049684533
790,Gela Kalatozidze,GE,Batumi,,B5 (top),7,daytime,no,0.807,0.376,-0.137,world-cup-crests:0.073 champios-leage:0.073 liverpool:-0.092 league-1:-0.148 italy-world-cup:-0.163,no,2602680770871292
791,Vova Zumbulashvili,GE,Tbilisi,,B5 (top),8,evening,no,0.889,0.641,-0.088,90s:0.102 ronaldo-world-cup:0.183 world-cup-classics:0.153 world-cup-spain-1982:0.091 mexico-1970:-0.076 messi-world-cup:-0.135 club-world-cup:-0.128,no,2070601180841131
792,Merab15,GE,Zugdidi,,B2,10,morning,no,0.296,0.776,0.293,mexico-1970:0.05 bayern:0.097 manchester-united:0.162 world-cup-stadiums:0.178 world-cup-usa-1994:-0.142 maradona-world-cup:-0.126 la-liga:-0.065 transfers:-0.07,no,768174005821447
793,hamsikka,GE,Ozurgeti,,B3,10,morning,no,0.526,0.724,-0.066,league-1:0.052 france-world-cup:0.163 10s:-0.184 chelsea:-0.149,no,1454138598314698
794,Ubilidze2,GE,Akhaltsikhe,,B2,2,evening,no,0.392,0.575,0.287,club-world-cup:0.165 netherlands-world-cup:0.198 england-world-cup:0.091 inter-milan:0.056 mexico-1970:-0.095 west-germany-1974:-0.061,no,3720008854107511
795,Darakhvelidze23,GE,Poti,,B3,8,daytime,no,0.551,0.409,0.261,world-cup:0.086 world-cup-champions:0.164 seria-a:0.106 world-cup-brazil-2014:0.135 france-world-cup:-0.178 00s:-0.093 spain:-0.151,no,4296884488126994
796,Khatia Tseretelishvili,GE,Zugdidi,,B2,10,evening,no,0.364,0.848,-0.077,argentina-1978:0.095 world-cup-finals:0.079 milan:0.15 manchester-united:-0.17 juventus:-0.197,no,1346022496622846
797,Eldar Matchavarua,GE,Kutaisi,,B2,8,evening,yes,0.263,0.615,0.044,real-madrid:0.073 world-cup-classics:0.155 ronaldo-world-cup:0.199 world-cup-mexico-1986:-0.05 world-cup-records:-0.172 chelsea:-0.164 world-cup-champions:-0.144,yes,1467138020540082
798,ladob,GE,Zugdidi,,B4,8,daytime,no,0.672,0.556,0.257,world-cup-russia-2018:0.139 mexico-1970:0.196 italy-world-cup:-0.142 germany-world-cup:-0.157 argentina-1978:-0.065 world-cup-finals:-0.063,no,315230275311048
799,Ushangi Papavshvili,GE,Telavi,,B3,2,evening,no,0.53,0.73,-0.203,portugal:0.149 england-world-cup:0.195 bundes-liga:0.146 10s:0.088 world-cup-classics:-0.164 spain-world-cup:-0.14 la-liga:-0.099 soviet-union-world-cup:-0.055,no,2749988077468463
800,USHANGIIKA,GE,Gori,,B2,6,daytime,no,0.316,0.536,-0.183,ballon-dor:0.117 brazil:0.064 premier-league:0.073 club-world-cup:0.193 world-cup-crests:-0.164 spain-world-cup:-0.168 dortmund:-0.093 brazil-world-cup:-0.148,no,1281666250341893
801,Shota44,GE,Ozurgeti,,B3,8,evening,no,0.455,0.495,0.13,argentina:0.161 world-cup-brazil-2014:0.172 ballon-dor:-0.127 world-cup-russia-2018:-0.124 france:-0.107,no,4479432479685325
802,anaka22,GE,Ozurgeti,,B3,6,daytime,no,0.475,0.389,0.089,bundes-liga:0.07 premier-league:0.142 world-cup-germany-2006:0.191 world-cup:-0.14 west-germany-1974:-0.109,no,689994496105142
803,kaki maisuridze,GE,Gori,,B2,6,daytime,no,0.339,0.58,0.029,world-cup-korea-japan-2002:0.178 champios-leage:0.118 chelsea:-0.103 soviet-union-world-cup:-0.058 bayern:-0.077,no,4342331555418256
804,Zarkshvili8,GE,Kutaisi,,B1 (bottom),10,morning,no,0.065,0.765,-0.234,world-cup-germany-2006:0.149 transfers:0.054 90s:0.141 germany:0.089 00s:-0.164 world-cup-brazil-2014:-0.133 portugal:-0.099,no,3575107002125601
805,temo samkharshvili,GE,Poti,,B3,21,daytime,no,0.565,0.39,0.286,arsenal:0.136 world-cup-italy-1990:0.139 world-cup-kits:0.066 pele-world-cup:-0.121 france:-0.062 80s:-0.081,no,3049705508904355
806,givi lordkipashvili,GE,Zugdidi,,B4,8,evening,no,0.66,0.397,0.175,world-cup:0.123 world-cup-france-1998:0.106 kvnb-netherlands:-0.134 bundes-liga:-0.12 world-cup-usa-1994:-0.086,no,3618979384732225
807,messi23,GE,Batumi,,B1 (bottom),2,evening,no,0.056,0.835,-0.04,brazil:0.093 world-cup-brazil-2014:0.118 real-madrid:-0.082 argentina:-0.113 world-cup-champions:-0.077,no,157045356226015
808,Bidzina Nadiridze,GE,Akhaltsikhe,,B3,2,evening,no,0.514,0.579,0.073,chelsea:0.177 world-cup-champions:0.085 mexico-1970:0.196 world-cup-russia-2018:-0.199 england:-0.11 imposter:-0.2,no,4306177340467424
809,nikolozk4,GE,Telavi,,B2,2,evening,no,0.325,0.741,0.217,league-1:0.197 england-world-cup:0.147 manchester-united:0.194 world-cup-finals:-0.076 uefa-euro:-0.15,no,2975126811714376
810,Sandro Papavshvili,GE,Telavi,,B1 (bottom),7,daytime,no,0.23,0.371,-0.077,ballon-dor:0.052 league-1:0.128 milan:0.085 ronaldo-world-cup:-0.128 seria-a:-0.051 world-cup-italy-1990:-0.109 soviet-union-world-cup:-0.084,no,666038375068402
811,VAKHTANGIKO,DE,Berlin,,B1 (bottom),8,evening,no,0.207,0.786,0.234,psg:0.144 world-cup-crests:0.197 transfers:-0.127 argentina-1978:-0.065 ronaldo-world-cup:-0.136 ballon-dor:-0.183,no,1835484118456433
812,KetiR,GE,Kutaisi,,B3,10,morning,no,0.511,0.658,-0.28,world-cup-champions:0.17 west-germany-1974:0.144 80s:0.146 world-cup-kits:-0.069 netherlands-world-cup:-0.171,no,4476669658590829
813,Miqauna09,GE,Rustavi,,B1 (bottom),2,evening,no,0.207,0.618,0.119,world-cup-usa-1994:0.081 liverpool:0.149 france:0.078 world-cup-mexico-1986:0.158 argentina:-0.132 world-cup-classics:-0.137 psg:-0.125,no,279510866474842
814,EleneG,GE,Tbilisi,,B1 (bottom),2,evening,no,0.214,0.49,-0.183,bundes-liga:0.11 brazil-world-cup:0.112 world-cup-south-africa-2010:-0.155 world-cup-kits:-0.061 maradona-world-cup:-0.169,no,1068620933786427
815,iashvilua,ES,Barcelona,,B2,6,daytime,no,0.336,0.593,-0.162,career-path:0.14 pele-world-cup:0.153 world-cup-korea-japan-2002:-0.078 world-cup-brazil-2014:-0.163 mexico-1970:-0.107,no,2343482109159990
816,sergo onianishvili,GE,Rustavi,,B2,7,daytime,no,0.411,0.838,0.229,portugal:0.102 england-world-cup:0.063 career-path:0.157 premier-league:0.169 transfers:-0.09 00s:-0.148 high-low:-0.127,no,3678206145495945
817,Eka Talakhshvili,GE,Batumi,,B3,6,daytime,no,0.587,0.827,-0.221,inter-milan:0.103 badges-and-logos:0.066 liverpool:0.146 netherlands-world-cup:-0.086 juventus:-0.133,no,1298148145950820
818,temuri gugeshvili,TR,Izmir,,B1 (bottom),2,evening,no,0.206,0.438,0.244,la-liga:0.186 world-cup-captains:0.06 manchester-united:0.081 imposter:0.153 liverpool:-0.129 world-cup-korea-japan-2002:-0.169 world-cup-champions:-0.143 seria-a:-0.069,no,215710603876650
819,Valeriushka,US,Los Angeles,,B4,8,night_owl,no,0.745,0.489,0.219,chelsea:0.117 argentina-world-cup:0.187 world-cup-korea-japan-2002:0.072 ballon-dor:0.138 world-cup-kits:-0.148 transfers:-0.113 soviet-union-world-cup:-0.084,no,3439392428238220
820,Vakhtang Mikashvili,GE,Telavi,,B3,10,evening,no,0.499,0.621,-0.214,spain:0.085 world-cup-spain-1982:0.157 club-world-cup:0.063 league-1:0.069 england:-0.128 real-madrid:-0.196 world-cup-mexico-1986:-0.14,no,1142081250661376
821,Tato,GB,Manchester,,B1 (bottom),8,evening,no,0.187,0.782,-0.083,world-cup:0.083 club-world-cup:0.06 00s:-0.093 brazil:-0.078 world-cup-germany-2006:-0.093 world-cup-crests:-0.175,no,4224780020278271
822,mariam gelashvili,DE,Berlin,,B3,2,evening,no,0.591,0.829,0.237,world-cup-brazil-2014:0.157 la-liga:0.18 dortmund:-0.193 west-germany-1974:-0.165,no,2510902400835151
823,bachol,GE,Akhaltsikhe,,B2,7,daytime,no,0.308,0.466,-0.014,argentina:0.167 west-germany-1974:0.116 league-1:0.126 spain:0.131 chelsea:-0.123 world-cup-kits:-0.149 premier-league:-0.157,no,3899007371382716
824,Lasha Janjgavshvili,GE,Batumi,,B3,6,daytime,no,0.534,0.632,-0.077,world-cup-russia-2018:0.085 arsenal:0.121 world-cup-stadiums:-0.168 world-cup-kits:-0.094,no,3462136546819251
825,Lesgadze,GE,Kutaisi,,B4,6,daytime,no,0.668,0.51,-0.158,world-cup-crests:0.052 messi-world-cup:0.056 soviet-union-world-cup:0.199 world-cup-qatar-2022:-0.135 world-cup-finals:-0.18 brazil:-0.117 football-logic:-0.092,no,2188113421954752
826,Otar Arakishvili,GE,Poti,,B1 (bottom),2,evening,no,0.095,0.701,0.26,juventus:0.15 world-cup-kits:0.195 world-cup-italy-1990:0.112 barcelona:-0.082 brazil-world-cup:-0.083,yes,1354243098041328
827,Zuriko Chiradshvili,GE,Akhaltsikhe,,B5 (top),8,evening,no,0.858,0.501,-0.258,maradona-world-cup:0.056 world-cup-spain-1982:0.072 badges-and-logos:0.071 world-cup-italy-1990:0.13 kvnb-netherlands:-0.175 world-cup-russia-2018:-0.123,no,2905943378688833
828,LukaR,GE,Kutaisi,,B2,2,evening,no,0.324,0.709,-0.129,manchester-city:0.092 uefa-euro:0.169 world-cup-qatar-2022:0.129 mexico-1970:0.189 world-cup-south-africa-2010:-0.186 world-cup-mexico-1986:-0.181 psg:-0.171 ronaldo-world-cup:-0.054,no,716378242590045
829,Mikheil Nachkebidze,GE,Gori,,B1 (bottom),10,evening,no,0.126,0.368,0.062,arsenal:0.147 career-path:0.131 world-cup-records:0.197 italy-world-cup:-0.169 real-madrid:-0.122,no,4463363978860219
830,Datunao,GE,Rustavi,,B1 (bottom),8,daytime,no,0.116,0.488,-0.118,barcelona:0.117 transfers:0.188 argentina:-0.188 germany:-0.155 world-cup-kits:-0.187 world-cup-classics:-0.05,no,2369849628513835
831,belardi14,GE,Rustavi,,B5 (top),2,evening,no,0.774,0.833,0.131,world-cup-goalkeepers:0.118 world-cup-records:0.133 premier-league:0.161 netherlands-world-cup:-0.117 world-cup-italy-1990:-0.175 80s:-0.158,no,4165991648880647
832,SulkhanM,GE,Tbilisi,,B1 (bottom),8,evening,yes,0.122,0.388,-0.165,world-cup-crests:0.094 10s:0.127 world-cup-finals:0.161 seria-a:-0.145 transfers:-0.117 world-cup-germany-2006:-0.141,no,331510565952922
833,Lekso Vephkhvidze,GE,Ozurgeti,,B2,6,daytime,yes,0.395,0.505,0.268,england:0.075 italy-world-cup:0.17 career-path:-0.106 pele-world-cup:-0.14 dortmund:-0.096,no,115537301163642
834,temur vephkhvidze,GE,Batumi,,B3,8,evening,no,0.46,0.393,-0.178,ronaldo-world-cup:0.18 spain:0.06 west-germany-1974:0.175 90s:0.089 world-cup-mexico-1986:-0.133 england-world-cup:-0.155,no,4404490361919365
835,Marjana Samkharadze,GE,Telavi,,B2,8,daytime,no,0.377,0.722,0.009,brazil:0.061 inter-milan:0.096 world-cup:0.158 world-cup-france-1998:0.077 bayern:-0.066 dortmund:-0.183,no,383660827139397
836,Koteiko,GE,Akhaltsikhe,,B5 (top),6,daytime,no,0.758,0.498,-0.172,germany-world-cup:0.159 world-cup-crests:0.176 france-world-cup:0.188 world-cup-captains:-0.148 80s:-0.163,no,2271749216684336
837,teaka,GE,Rustavi,,B4,10,evening,no,0.688,0.648,0.232,world-cup-kits:0.149 world-cup-qatar-2022:0.113 real-madrid:0.074 juventus:-0.087 80s:-0.115 england-world-cup:-0.083,no,1409428188346880
838,nanaa,GE,Tbilisi,,B2,2,evening,no,0.368,0.761,-0.256,dortmund:0.112 italy-world-cup:0.056 portugal:0.132 west-germany-1974:0.176 world-cup-russia-2018:-0.088 manchester-city:-0.117 messi-world-cup:-0.07,no,3272939764625686
839,Gigi Bagratshvili,GR,Athens,,B1 (bottom),21,daytime,no,0.103,0.725,-0.1,world-cup-brazil-2014:0.183 world-cup-germany-2006:0.106 world-cup-finals:-0.103 france-world-cup:-0.181,no,1977816029426880
840,Grigol Kapanadze,GE,Ozurgeti,,B1 (bottom),2,evening,no,0.135,0.394,0.089,world-cup-south-africa-2010:0.099 dortmund:0.189 france-world-cup:0.197 argentina-world-cup:0.057 world-cup-germany-2006:-0.144 world-cup:-0.184,no,3682233174863984
841,ketevan darakhvelidze,GE,Gori,,B3,10,evening,no,0.525,0.483,0.097,world-cup-korea-japan-2002:0.178 world-cup-stadiums:0.118 france-world-cup:0.089 argentina:0.13 ronaldo-world-cup:-0.172 world-cup-spain-1982:-0.115 world-cup-brazil-2014:-0.173 world-cup-germany-2006:-0.067,no,2059212428917305
842,NutsaG,GE,Poti,,B4,2,evening,no,0.687,0.528,0.175,france:0.092 10s:0.119 world-cup-south-africa-2010:0.073 career-path:-0.056 world-cup-records:-0.197,no,1304635997182186
843,Talakhashvili,GE,Ozurgeti,,B3,8,daytime,no,0.579,0.71,-0.045,career-path:0.052 portugal:0.082 world-cup-qatar-2022:0.196 world-cup-brazil-2014:-0.054 00s:-0.154 argentina:-0.15,no,360864938180009
844,Irakli Gugesheli,GE,Zugdidi,,B3,10,evening,no,0.467,0.545,-0.015,england:0.11 messi-world-cup:0.112 soviet-union-world-cup:-0.111 world-cup-korea-japan-2002:-0.16 world-cup-russia-2018:-0.059 imposter:-0.104,no,297913780029691
845,Oto,GE,Rustavi,,B1 (bottom),2,evening,no,0.155,0.419,0.103,world-cup-stadiums:0.145 10s:0.192 manchester-city:-0.185 club-world-cup:-0.099,no,1588219137369475
846,Sopho Amiranidze,GE,Poti,,B4,10,evening,yes,0.712,0.542,-0.245,dortmund:0.157 champios-leage:0.107 brazil-world-cup:0.059 italy-world-cup:-0.184 kvnb-netherlands:-0.186 uefa-euro:-0.101 france-world-cup:-0.069,no,444822603060467
847,ucha bakuradze,GE,Akhaltsikhe,,B2,2,evening,no,0.265,0.614,0.227,chelsea:0.13 ronaldo-world-cup:0.169 80s:-0.11 00s:-0.086,no,927048929130125
848,gugu chadunava,GE,Akhaltsikhe,,B3,2,evening,no,0.576,0.716,0.29,bayern:0.158 argentina-world-cup:0.132 germany:0.062 world-cup-finals:-0.078 world-cup-champions:-0.158 imposter:-0.135,no,1804480034013775
849,jaba arakishvili,GE,Kutaisi,,B4,7,daytime,no,0.623,0.45,0.247,barcelona:0.105 world-cup-kits:0.053 italy-world-cup:-0.185 liverpool:-0.188 premier-league:-0.08 arsenal:-0.145,no,3430883915060229
850,eliso dvalishvili,GE,Telavi,,B2,10,morning,no,0.287,0.367,-0.008,juventus:0.1 england-world-cup:0.194 career-path:0.188 world-cup-champions:-0.162 england:-0.09 world-cup-italy-1990:-0.192 world-cup-records:-0.079,no,2380359456850111
851,Zaza Kalatozadze,GE,Kutaisi,,B4,10,evening,no,0.745,0.456,0.154,world-cup-captains:0.113 career-path:0.115 world-cup-brazil-2014:0.09 spain:0.073 soviet-union-world-cup:-0.195 world-cup-russia-2018:-0.063 world-cup-kits:-0.097,no,284462067160963
852,Medeaika,GE,Poti,,B3,2,evening,yes,0.54,0.581,-0.161,80s:0.056 mexico-1970:0.186 world-cup-italy-1990:-0.172 inter-milan:-0.186,no,2059618470926098
853,lashad111,GE,Gori,,B3,6,daytime,no,0.579,0.589,0.228,argentina-world-cup:0.156 psg:0.143 world-cup:0.178 france:-0.091 champios-leage:-0.172 barcelona:-0.148 football-logic:-0.15,no,3061279758291364
854,Kako Gugeshvili,GE,Kutaisi,,B2,10,morning,no,0.324,0.788,-0.299,west-germany-1974:0.079 seria-a:0.103 brazil-world-cup:0.058 milan:-0.159 10s:-0.142,yes,1486251212732989
855,Sergo Samkharshvili,GE,Kutaisi,,B1 (bottom),8,night_owl,no,0.103,0.406,-0.037,world-cup-brazil-2014:0.191 france:0.113 argentina:0.077 world-cup-goalkeepers:-0.195 netherlands-world-cup:-0.184 spain:-0.171,no,2580490645171543
856,Maka Rustavshvili,GE,Tbilisi,,B1 (bottom),10,evening,no,0.106,0.557,0.272,west-germany-1974:0.054 messi-world-cup:0.161 argentina-1978:0.165 career-path:-0.155 arsenal:-0.17 world-cup-goalkeepers:-0.152,no,3477427912276800
857,Dato Chiradidze,GE,Batumi,,B2,2,evening,no,0.251,0.591,-0.198,world-cup-goalkeepers:0.107 spain-world-cup:0.113 manchester-city:-0.164 world-cup-records:-0.076 italy-world-cup:-0.12,no,775142749005255
858,Teimuraz Odishidze,GE,Batumi,,B3,6,daytime,no,0.526,0.452,-0.065,england-world-cup:0.187 spain:0.102 inter-milan:-0.1 manchester-united:-0.068 kvnb-netherlands:-0.107 italia-italy:-0.183,no,326751682946585
859,iraklia,GE,Poti,,B4,7,daytime,no,0.672,0.626,0.148,liverpool:0.08 badges-and-logos:0.198 world-cup-records:0.061 manchester-united:0.169 seria-a:-0.154 portugal:-0.086 champios-leage:-0.062 argentina-1978:-0.184,no,2850728310526409
860,VaskaM,GE,Tbilisi,,B2,2,evening,no,0.449,0.631,0.267,transfers:0.124 world-cup-champions:0.184 world-cup-classics:-0.057 world-cup-usa-1994:-0.13,no,3689580995330627
861,ShalvaN,GE,Gori,,B2,8,evening,no,0.415,0.437,0.178,world-cup-stadiums:0.077 manchester-city:0.104 argentina-1978:0.196 high-low:0.054 uefa-euro:-0.115 world-cup-crests:-0.151,no,234669845425420
862,Pavle Onianishvili,GE,Tbilisi,,B2,10,evening,no,0.432,0.792,-0.101,soviet-union-world-cup:0.158 premier-league:0.135 portugal:0.131 uefa-euro:-0.087 manchester-city:-0.086 argentina:-0.145,no,3831681890964939
863,vidaluna,GE,Tbilisi,,B1 (bottom),6,daytime,no,0.117,0.645,0.134,milan:0.073 chelsea:0.082 brazil:-0.067 world-cup-mexico-1986:-0.121 kvnb-netherlands:-0.135,no,2680203304883581
864,NodarR14,GE,Telavi,,B1 (bottom),8,evening,no,0.078,0.36,-0.283,barcelona:0.164 portugal:0.107 world-cup-crests:0.142 germany-world-cup:-0.116 inter-milan:-0.149 manchester-united:-0.05,no,4100969586740461
865,paata vephxvava,GE,Poti,,B1 (bottom),2,evening,yes,0.104,0.662,-0.165,brazil-world-cup:0.139 argentina-world-cup:0.099 manchester-city:0.135 world-cup-france-1998:-0.056 pele-world-cup:-0.185 10s:-0.065,no,696944205719123
866,Lukao,GE,Batumi,,B3,2,evening,no,0.512,0.482,-0.184,argentina-world-cup:0.183 80s:0.177 world-cup-italy-1990:0.12 maradona-world-cup:0.147 messi-world-cup:-0.074 brazil-world-cup:-0.154 world-cup-germany-2006:-0.132 world-cup-mexico-1986:-0.112,no,2181840748990369
867,Temoliko,GE,Tbilisi,,B1 (bottom),6,daytime,no,0.085,0.489,-0.279,france:0.055 club-world-cup:0.155 mexico-1970:-0.176 juventus:-0.119 world-cup-finals:-0.196,no,416798377708483
868,Lali Lordkipaidze,GE,Telavi,,B2,2,evening,no,0.38,0.552,0.269,liverpool:0.121 world-cup-champions:0.093 world-cup-goalkeepers:0.081 juventus:0.19 ronaldo-world-cup:-0.116 spain:-0.15 world-cup-classics:-0.087 world-cup-korea-japan-2002:-0.182,no,535780746475547
869,gega gelashvili,GE,Kutaisi,,B3,6,daytime,no,0.587,0.412,-0.041,world-cup-germany-2006:0.073 10s:0.101 real-madrid:0.176 90s:-0.113 kvnb-netherlands:-0.168 soviet-union-world-cup:-0.163,no,4347283212964259
870,tamtaa1,GE,Poti,,B2,2,evening,yes,0.371,0.446,-0.138,soviet-union-world-cup:0.172 barcelona:0.062 world-cup-brazil-2014:0.116 world-cup-crests:-0.112 kvnb-netherlands:-0.144 messi-world-cup:-0.054,no,2761407605427018
871,Rezi Mgeli,GE,Telavi,,B2,6,daytime,no,0.285,0.721,-0.276,world-cup-russia-2018:0.16 argentina:0.061 argentina-1978:0.141 10s:0.14 club-world-cup:-0.176 career-path:-0.152 world-cup-finals:-0.071,yes,1149825008480737
872,gioa,GR,Athens,,B3,10,evening,no,0.479,0.504,0.216,10s:0.111 football-logic:0.116 00s:0.116 netherlands-world-cup:-0.08 champios-leage:-0.056,no,1515938647955776
873,LaliL,GE,Rustavi,,B2,2,evening,no,0.396,0.507,0.034,world-cup-kits:0.137 world-cup-italy-1990:0.14 ronaldo-world-cup:0.197 world-cup-finals:-0.054 seria-a:-0.173 inter-milan:-0.097 dortmund:-0.073,no,573835326623031
874,paata daraxvelidze,GE,Ozurgeti,,B2,2,evening,no,0.384,0.531,0.294,league-1:0.158 world-cup-records:0.157 world-cup-qatar-2022:0.188 world-cup-finals:0.082 transfers:-0.081 pele-world-cup:-0.09 argentina-world-cup:-0.193 world-cup-germany-2006:-0.127,no,2057023530898870
875,RevazT,GE,Ozurgeti,,B1 (bottom),7,daytime,no,0.125,0.651,0.166,premier-league:0.059 bundes-liga:0.165 portugal:0.116 champios-leage:0.113 world-cup-usa-1994:-0.063 juventus:-0.082 brazil:-0.057 france-world-cup:-0.15,no,4246926088676533
876,Uchaushka55,GE,Akhaltsikhe,,B2,10,evening,no,0.416,0.512,0.231,france-world-cup:0.115 spain-world-cup:0.154 world-cup-finals:-0.069 world-cup-korea-japan-2002:-0.159 world-cup-germany-2006:-0.118,no,1372205557544664
877,Koka14,ES,Madrid,,B2,10,evening,no,0.25,0.563,0.271,00s:0.181 world-cup-italy-1990:0.127 bundes-liga:0.165 world-cup-finals:0.076 champios-leage:-0.147 world-cup-records:-0.138,no,342429500225305
878,mamuka darakhvelshvili,GE,Telavi,,B1 (bottom),8,evening,no,0.105,0.718,-0.224,world-cup-france-1998:0.082 world-cup-italy-1990:0.134 world-cup-usa-1994:0.17 juventus:0.075 world-cup-goalkeepers:-0.165 football-logic:-0.108,no,2187700385928346
879,jano beridzshvili,GE,Akhaltsikhe,,B2,2,evening,no,0.339,0.742,-0.199,world-cup-italy-1990:0.118 world-cup-usa-1994:0.18 pele-world-cup:0.196 kvnb-netherlands:0.188 bayern:-0.199 champios-leage:-0.051 world-cup-champions:-0.102,no,4089398911682793
880,tornikuna,GE,Rustavi,,B4,10,evening,no,0.637,0.67,0.256,world-cup-mexico-1986:0.08 manchester-united:0.05 inter-milan:0.156 world-cup-south-africa-2010:-0.186 transfers:-0.067 world-cup-france-1998:-0.065 career-path:-0.09,no,4187376184728946
881,Badri Tsalugelshvili,GE,Telavi,,B3,10,evening,no,0.53,0.425,0.178,seria-a:0.14 soviet-union-world-cup:0.106 badges-and-logos:0.072 world-cup-captains:-0.09 milan:-0.095,no,2958118576263395
882,Giga Ugulidze,GE,Rustavi,Chelsea,B2,6,daytime,no,0.317,0.578,0.03,seria-a:0.098 world-cup-brazil-2014:0.054 world-cup-spain-1982:0.154 barcelona:0.083 england-world-cup:-0.154 chelsea:-0.08,no,4111766611844887
883,Mgelidze,GE,Tbilisi,,B4,10,evening,no,0.612,0.538,0.188,champios-leage:0.192 france-world-cup:0.157 world-cup-champions:-0.142 dortmund:-0.145 germany-world-cup:-0.089 world-cup-stadiums:-0.15,no,1768794496929205
884,kotel18,GE,Akhaltsikhe,,B3,8,daytime,no,0.468,0.62,-0.233,10s:0.2 imposter:0.078 world-cup-records:0.08 arsenal:0.192 80s:-0.19 milan:-0.16,no,3603657614141258
885,Ramaz Gugeshidze,GE,Akhaltsikhe,,B4,10,morning,no,0.65,0.625,0.17,ballon-dor:0.134 world-cup-usa-1994:0.122 world-cup-finals:0.173 la-liga:0.15 germany:-0.069 psg:-0.167,no,1305381862734415
886,zurikod,GE,Zugdidi,,B1 (bottom),6,daytime,no,0.057,0.829,0.001,spain-world-cup:0.078 brazil:0.078 world-cup-france-1998:0.067 juventus:-0.179 imposter:-0.1 world-cup-captains:-0.081 west-germany-1974:-0.151,no,1368870170180807
887,otar purtselshvili,GE,Zugdidi,,B3,10,evening,no,0.584,0.604,0.265,pele-world-cup:0.17 world-cup-france-1998:0.16 milan:-0.093 ronaldo-world-cup:-0.128,no,1928395165558256
888,revazl,ES,Barcelona,,B4,2,evening,no,0.728,0.766,-0.279,premier-league:0.116 barcelona:0.14 world-cup-kits:-0.092 world-cup-russia-2018:-0.072 ronaldo-world-cup:-0.136 inter-milan:-0.117,no,1317114566520563
889,TAMTA NACHKEBELI,GE,Batumi,,B3,8,evening,no,0.557,0.789,-0.223,80s:0.101 la-liga:0.149 france:0.175 bayern:0.056 transfers:-0.161 world-cup-finals:-0.051 liverpool:-0.063 netherlands-world-cup:-0.134,no,542539810969069
890,Davit Turashashvili,GB,Manchester,,B4,10,evening,no,0.67,0.366,-0.18,football-logic:0.064 arsenal:0.193 liverpool:0.068 italy-world-cup:-0.108 messi-world-cup:-0.074 italia-italy:-0.102 juventus:-0.199,no,1435259211800589
891,kaka15,GE,Ozurgeti,,B2,8,daytime,no,0.352,0.426,-0.096,argentina-1978:0.106 world-cup-finals:0.176 football-logic:0.105 premier-league:0.06 world-cup-crests:-0.162 transfers:-0.067,no,699128778921784
892,Shota Tomadshvili,GE,Tbilisi,,B1 (bottom),21,daytime,no,0.08,0.567,0.022,inter-milan:0.109 milan:0.093 world-cup-records:0.135 juventus:-0.115 dortmund:-0.103 germany-world-cup:-0.081 psg:-0.157,no,711365813105699
893,MedeaA,GE,Batumi,,B2,21,daytime,no,0.317,0.433,0.061,world-cup-france-1998:0.149 england-world-cup:0.053 world-cup-champions:-0.174 world-cup-finals:-0.132 champios-leage:-0.082,no,4009886670189086
894,gigia561,ES,Barcelona,,B3,2,evening,no,0.579,0.818,0.172,italy-world-cup:0.124 world-cup-usa-1994:0.117 seria-a:0.074 soviet-union-world-cup:0.17 bayern:-0.178 10s:-0.082,no,326036461898123
895,Nikoushka23,GE,Telavi,,B1 (bottom),21,daytime,no,0.139,0.603,-0.096,imposter:0.061 la-liga:0.158 dortmund:-0.104 inter-milan:-0.1,no,3485248518579463
896,Teimuraz Tomadeli,GE,Kutaisi,,B1 (bottom),10,evening,no,0.23,0.7,0.106,west-germany-1974:0.141 france:0.113 world-cup-goalkeepers:-0.184 real-madrid:-0.115 uefa-euro:-0.169 messi-world-cup:-0.082,no,4066598233267388
897,Kapaneli,GE,Gori,,B3,10,morning,no,0.544,0.754,-0.2,inter-milan:0.12 west-germany-1974:0.197 psg:-0.152 90s:-0.147 world-cup-france-1998:-0.108,no,4421588853589787
898,Oto Tsereteliava,GE,Rustavi,,B2,6,daytime,no,0.277,0.774,0.155,world-cup-france-1998:0.064 italia-italy:0.1 inter-milan:0.082 world-cup-mexico-1986:0.149 world-cup-goalkeepers:-0.078 world-cup-qatar-2022:-0.085 imposter:-0.15 england-world-cup:-0.199,no,4254527523444653
899,jaba tsaguriidze,GE,Kutaisi,,B3,10,evening,no,0.517,0.844,-0.228,psg:0.17 juventus:0.054 argentina-world-cup:-0.077 argentina-1978:-0.194 world-cup-korea-japan-2002:-0.092 inter-milan:-0.199,no,4377475169754481
900,kako mikaava,GE,Kutaisi,,B3,10,morning,no,0.563,0.504,0.224,inter-milan:0.178 world-cup-italy-1990:0.198 germany:0.118 world-cup-crests:0.152 premier-league:-0.078 world-cup-france-1998:-0.165 80s:-0.096 italia-italy:-0.07,no,2765493358365636
901,lalim,GE,Akhaltsikhe,,B2,2,evening,no,0.439,0.781,-0.062,80s:0.079 world-cup-finals:0.125 brazil:0.174 world-cup-spain-1982:-0.147 world-cup-records:-0.103 world-cup-captains:-0.134 west-germany-1974:-0.055,no,2407720188353898
902,meladzidze,GE,Rustavi,,B3,8,night_owl,no,0.554,0.836,-0.253,england-world-cup:0.083 real-madrid:0.073 germany:0.171 football-logic:0.16 uefa-euro:-0.126 world-cup-mexico-1986:-0.171 pele-world-cup:-0.111,no,1483071373705033
903,natia chiradiani,GE,Batumi,,B3,2,evening,no,0.463,0.607,0.28,club-world-cup:0.114 real-madrid:0.068 world-cup-germany-2006:-0.081 spain-world-cup:-0.152,no,179271397123995
904,NATIAUNA,GE,Batumi,,B4,10,evening,no,0.713,0.367,-0.113,football-logic:0.136 00s:0.172 world-cup-france-1998:-0.111 world-cup-goalkeepers:-0.14 kvnb-netherlands:-0.05,no,1958333941629622
905,LikaN0,GE,Tbilisi,,B3,2,evening,no,0.543,0.739,0.081,world-cup-goalkeepers:0.131 uefa-euro:0.087 argentina-world-cup:0.132 football-logic:-0.065 messi-world-cup:-0.183 germany:-0.17 netherlands-world-cup:-0.168,no,151580287428853
906,Pavle Zumbuladze,GR,Thessaloniki,,B5 (top),7,daytime,no,0.756,0.512,0.251,world-cup-qatar-2022:0.11 manchester-united:0.132 west-germany-1974:0.076 italia-italy:-0.066 world-cup-france-1998:-0.148,no,2101359507120256
907,KonstantineT.striker,GE,Telavi,,B4,10,morning,no,0.635,0.55,-0.228,world-cup-goalkeepers:0.112 bayern:0.189 psg:0.051 world-cup-champions:-0.079 10s:-0.147 imposter:-0.154,no,41164446009235
908,Grisha Bebershvili,GR,Thessaloniki,,B2,11,morning,yes,0.409,0.356,-0.206,world-cup-brazil-2014:0.082 pele-world-cup:0.172 world-cup-captains:0.157 world-cup-classics:-0.156 world-cup-goalkeepers:-0.092 real-madrid:-0.165,no,943439222764785
909,Salome111,GE,Gori,AC Milan,B1 (bottom),6,daytime,no,0.107,0.736,-0.22,world-cup-korea-japan-2002:0.061 world-cup-france-1998:0.177 argentina-world-cup:-0.177 ronaldo-world-cup:-0.182 dortmund:-0.156 world-cup-stadiums:-0.165,no,3064277831363889
910,OtoA,GE,Gori,,B1 (bottom),10,evening,no,0.059,0.359,0.044,england:0.106 italia-italy:0.133 football-logic:-0.063 england-world-cup:-0.109 argentina:-0.118,no,2884597278491967
911,Anano23,GE,Kutaisi,,B2,7,daytime,no,0.348,0.796,0.209,premier-league:0.163 career-path:0.079 transfers:0.092 inter-milan:-0.084 world-cup-korea-japan-2002:-0.154,no,583317594407478
912,TEMURUNA,GE,Tbilisi,,B3,2,evening,no,0.47,0.505,0.195,spain-world-cup:0.057 premier-league:0.053 world-cup-qatar-2022:0.168 messi-world-cup:-0.155 world-cup-russia-2018:-0.171,no,226456018285708
913,Ninouna,GE,Batumi,,B3,12,morning,no,0.55,0.416,-0.145,brazil:0.11 real-madrid:0.08 ballon-dor:0.192 argentina-world-cup:0.076 90s:-0.154 messi-world-cup:-0.151,no,2674117578243940
914,IKAL,GE,Ozurgeti,,B4,8,evening,no,0.661,0.775,0.18,world-cup-italy-1990:0.052 germany:0.074 world-cup-south-africa-2010:0.07 world-cup-goalkeepers:-0.083 world-cup-kits:-0.191,no,2040834109632282
915,Gigaushka,GE,Rustavi,,B3,6,daytime,no,0.557,0.634,0.133,world-cup-finals:0.078 league-1:0.185 world-cup-germany-2006:0.068 badges-and-logos:-0.085 real-madrid:-0.135,no,2570319157441161
916,Sandro Tsaguriadze,GB,Birmingham,,B1 (bottom),13,morning,no,0.193,0.765,-0.103,world-cup-captains:0.051 ronaldo-world-cup:0.166 portugal:0.147 badges-and-logos:-0.083 west-germany-1974:-0.176,no,319131580728883
917,Datuna14,GR,Athens,,B1 (bottom),10,morning,no,0.14,0.61,0.262,world-cup-finals:0.125 80s:0.099 imposter:0.078 seria-a:-0.125 spain:-0.132 uefa-euro:-0.103,no,3990075443848330
918,elgujal,GE,Rustavi,,B2,8,evening,no,0.375,0.576,0.1,barcelona:0.054 real-madrid:0.123 la-liga:0.124 soviet-union-world-cup:0.068 world-cup-champions:-0.113 80s:-0.11 world-cup-russia-2018:-0.059,no,2995199353321419
919,zlatana,GE,Tbilisi,,B1 (bottom),10,evening,no,0.187,0.725,0.185,champios-leage:0.189 world-cup-qatar-2022:0.101 spain:0.173 premier-league:0.17 80s:-0.134 psg:-0.064,no,2024964438598270
920,Ioseb15,GE,Akhaltsikhe,,B1 (bottom),7,daytime,no,0.201,0.407,-0.22,ballon-dor:0.171 bayern:0.08 barcelona:-0.104 real-madrid:-0.115 world-cup-mexico-1986:-0.054,no,226439260202124
921,Ubilidze21,GE,Gori,,B4,2,evening,no,0.673,0.685,-0.266,brazil:0.167 high-low:0.098 france-world-cup:-0.053 imposter:-0.142 world-cup-records:-0.106 arsenal:-0.072,no,1302799289260502
922,Kako Kldiashvili,GE,Zugdidi,,B1 (bottom),2,evening,no,0.247,0.722,0.238,psg:0.08 chelsea:0.114 portugal:-0.123 england:-0.063 arsenal:-0.154,no,1672363789691128
923,Gugeshvili3,TR,Ankara,,B3,2,evening,no,0.546,0.612,-0.123,argentina-world-cup:0.158 football-logic:0.165 manchester-united:0.057 netherlands-world-cup:0.125 germany:-0.095 messi-world-cup:-0.157 world-cup-kits:-0.156,no,1506914818465130
924,Temurushka,GE,Poti,,B2,6,daytime,no,0.41,0.636,0.141,netherlands-world-cup:0.144 brazil:0.085 world-cup-crests:-0.155 maradona-world-cup:-0.169 world-cup-goalkeepers:-0.161 la-liga:-0.091,no,3409772500479717
925,Eleneo,GE,Tbilisi,,B4,6,daytime,no,0.677,0.42,-0.008,world-cup-stadiums:0.092 kvnb-netherlands:0.116 champios-leage:0.059 bayern:0.152 messi-world-cup:-0.186 barcelona:-0.105 10s:-0.176 club-world-cup:-0.166,no,1896668048896105
926,maradona111,GE,Poti,,B5 (top),6,daytime,no,0.776,0.505,-0.175,world-cup-usa-1994:0.185 psg:0.093 00s:0.195 world-cup-finals:-0.138 brazil:-0.101 world-cup-records:-0.083 world-cup-brazil-2014:-0.083,no,1926448813336779
927,konstantineuna,ES,Madrid,,B2,2,evening,no,0.325,0.844,-0.011,premier-league:0.061 career-path:0.079 world-cup-records:-0.12 milan:-0.086,no,3193798726737075
928,Bidzina Matchavaradze,GE,Poti,,B2,10,evening,no,0.308,0.725,0.112,psg:0.074 la-liga:0.105 world-cup-qatar-2022:0.174 maradona-world-cup:0.139 soviet-union-world-cup:-0.183 90s:-0.137,no,3833499592967471
929,mamuka amiranshvili,GE,Poti,,B2,2,evening,no,0.446,0.673,0.245,uefa-euro:0.072 club-world-cup:0.16 argentina-1978:0.195 barcelona:0.136 argentina-world-cup:-0.135 maradona-world-cup:-0.115 brazil:-0.08,no,42246297742359
930,costa22,GE,Telavi,,B2,10,morning,no,0.425,0.551,-0.059,world-cup-russia-2018:0.187 real-madrid:0.196 germany:-0.198 milan:-0.165,no,492453627415324
931,bubaka2,GE,Poti,,B2,8,evening,no,0.251,0.748,-0.07,italy-world-cup:0.079 juventus:0.058 seria-a:0.109 maradona-world-cup:-0.116 manchester-city:-0.109 high-low:-0.052,no,780855999832016
932,bachana kublashvili,ES,Barcelona,,B2,10,morning,no,0.412,0.38,-0.154,france:0.147 world-cup-kits:0.074 world-cup-classics:0.121 80s:0.149 world-cup-champions:-0.116 football-logic:-0.133,no,2640902552523880
933,LelaA.catenaccio22,ES,Madrid,,B4,20,evening,no,0.605,0.769,-0.018,transfers:0.174 world-cup-champions:0.17 spain-world-cup:0.066 10s:-0.129 argentina-1978:-0.111 soviet-union-world-cup:-0.186,no,3911731042872001
934,nino chadunshvili,GE,Zugdidi,,B4,7,daytime,no,0.713,0.511,-0.108,manchester-united:0.175 world-cup-germany-2006:0.055 inter-milan:0.187 bundes-liga:-0.141 world-cup-france-1998:-0.092,no,1445677419551654
935,elisob22,GE,Rustavi,,B2,8,evening,no,0.346,0.685,0.073,world-cup-brazil-2014:0.118 world-cup-classics:0.054 career-path:-0.112 world-cup-finals:-0.088 80s:-0.122,no,3977180662216627
936,ValeriL,GE,Ozurgeti,,B2,8,evening,yes,0.395,0.661,0.146,manchester-united:0.165 argentina-world-cup:0.064 portugal:0.072 world-cup-crests:-0.178 world-cup-south-africa-2010:-0.168,no,1167519144520626
937,AnanoB,DE,Berlin,,B1 (bottom),2,evening,no,0.128,0.656,-0.118,chelsea:0.065 milan:0.059 world-cup-mexico-1986:0.134 italy-world-cup:0.139 dortmund:-0.115 premier-league:-0.077 world-cup-usa-1994:-0.199,no,2866561242094383
938,ronaldoika,GE,Telavi,,B2,8,evening,no,0.296,0.605,-0.256,netherlands-world-cup:0.131 world-cup-usa-1994:0.199 messi-world-cup:-0.066 italia-italy:-0.125,no,126636243570793
939,Jabauna,GE,Rustavi,,B2,11,morning,no,0.343,0.577,-0.097,world-cup-finals:0.126 spain-world-cup:0.076 world-cup-champions:-0.144 mexico-1970:-0.19 world-cup-spain-1982:-0.139,no,133320166539105
940,uchal,GE,Poti,,B2,2,evening,no,0.414,0.565,-0.279,barcelona:0.061 france:0.143 world-cup-records:0.089 premier-league:0.139 argentina:-0.077 90s:-0.149 portugal:-0.101 liverpool:-0.149,no,3371473719381607
941,Nutsa Ratianshvili,GE,Gori,,B1 (bottom),10,evening,no,0.082,0.603,-0.134,football-logic:0.191 chelsea:0.192 bundes-liga:-0.191 champios-leage:-0.109 argentina-world-cup:-0.175 barcelona:-0.116,no,125767194587533
942,Temur Inasarshvili,GE,Ozurgeti,,B3,10,evening,no,0.556,0.559,0.272,seria-a:0.085 portugal:0.134 manchester-city:0.199 arsenal:-0.134 world-cup-south-africa-2010:-0.054 soviet-union-world-cup:-0.157 chelsea:-0.094,no,1710620616954024
943,zezva chadunshvili,GE,Ozurgeti,,B3,12,morning,no,0.495,0.608,-0.264,champios-leage:0.097 world-cup-stadiums:0.063 league-1:0.155 france:0.181 football-logic:-0.179 brazil-world-cup:-0.113 world-cup-spain-1982:-0.156 netherlands-world-cup:-0.056,no,1556084377572001
944,Zaal Mamulshvili,TR,Istanbul,,B2,6,daytime,no,0.38,0.387,-0.198,world-cup-classics:0.077 world-cup-korea-japan-2002:0.116 world-cup-goalkeepers:-0.182 argentina-1978:-0.075 england:-0.164 juventus:-0.089,no,2064714079342583
945,OTARM,GR,Thessaloniki,,B2,2,evening,no,0.303,0.49,-0.068,dortmund:0.099 champios-leage:0.184 inter-milan:-0.167 ronaldo-world-cup:-0.153 world-cup-qatar-2022:-0.175,no,3787482310174189
946,Anano1,GE,Rustavi,,B1 (bottom),6,daytime,no,0.176,0.45,0.177,brazil-world-cup:0.179 world-cup-champions:0.098 world-cup-mexico-1986:0.172 transfers:-0.173 kvnb-netherlands:-0.122,no,1613401528290781
947,vasok,US,Los Angeles,,B4,2,evening,no,0.741,0.817,-0.049,career-path:0.155 world-cup-qatar-2022:0.183 world-cup-south-africa-2010:-0.158 world-cup-crests:-0.175 high-low:-0.062,no,866861093586164
948,vakhouna,GE,Ozurgeti,,B2,2,evening,no,0.329,0.498,-0.232,brazil-world-cup:0.147 france:0.09 world-cup-champions:0.184 maradona-world-cup:-0.056 imposter:-0.101,no,4262150090701626
949,levan gogicheli,GE,Kutaisi,,B3,2,evening,no,0.51,0.556,0.289,west-germany-1974:0.126 high-low:0.167 10s:0.194 england:0.063 bundes-liga:-0.117 world-cup-finals:-0.157 italy-world-cup:-0.173,no,248906670480370
950,gugauna9,GE,Batumi,,B4,8,evening,no,0.649,0.457,0.226,kvnb-netherlands:0.147 brazil:0.178 bundes-liga:0.112 transfers:-0.088 maradona-world-cup:-0.195 premier-league:-0.195,no,706709559574002
951,Luka Kalatozidze,GR,Athens,,B1 (bottom),2,evening,no,0.158,0.784,0.067,world-cup-records:0.16 argentina-world-cup:0.138 arsenal:0.15 world-cup-france-1998:-0.177 ronaldo-world-cup:-0.126 world-cup-italy-1990:-0.117 10s:-0.174,no,1311166228660289
952,Mariiko222,GE,Telavi,,B3,8,evening,no,0.553,0.557,0.071,barcelona:0.098 england-world-cup:0.197 imposter:0.197 world-cup-qatar-2022:0.141 italia-italy:-0.149 uefa-euro:-0.108 ballon-dor:-0.08 premier-league:-0.119,no,1023192097482210
953,Kako Onianishvili,GE,Poti,,B5 (top),8,evening,no,0.783,0.786,-0.113,england:0.152 10s:0.147 psg:0.093 uefa-euro:0.097 league-1:-0.154 brazil-world-cup:-0.147 manchester-city:-0.089,no,880423679166909
954,Zviad Purtselidze,GE,Poti,,B4,2,evening,no,0.615,0.388,-0.217,world-cup-mexico-1986:0.071 germany:0.158 world-cup-russia-2018:0.075 world-cup-goalkeepers:0.074 world-cup-qatar-2022:-0.063 italia-italy:-0.179 90s:-0.163 germany-world-cup:-0.183,no,441293244898301
955,UchaA,GE,Gori,,B1 (bottom),8,daytime,no,0.136,0.624,-0.169,imposter:0.082 maradona-world-cup:0.175 bayern:0.068 world-cup-kits:0.139 premier-league:-0.168 france:-0.151,no,3704439887898842
956,TemuriM,GE,Telavi,,B3,10,evening,no,0.509,0.391,0.058,10s:0.08 italy-world-cup:0.086 juventus:0.136 maradona-world-cup:-0.061 football-logic:-0.076 world-cup-russia-2018:-0.186,no,4323220792661242
957,TemoA1,GE,Tbilisi,,B2,2,evening,yes,0.262,0.617,-0.227,argentina-1978:0.069 england-world-cup:0.12 world-cup-spain-1982:0.194 world-cup-kits:-0.103 inter-milan:-0.128 world-cup-crests:-0.182,no,164478375980249
958,MiqaD,TR,Istanbul,,B4,6,daytime,no,0.651,0.512,-0.178,world-cup-usa-1994:0.08 bundes-liga:0.052 ballon-dor:-0.181 world-cup-south-africa-2010:-0.184,no,1060189038177736
959,vidal14,US,New York,,B5 (top),6,daytime,no,0.815,0.486,-0.11,world-cup:0.135 spain:0.119 italy-world-cup:-0.137 world-cup-usa-1994:-0.065,no,1146254479733860
960,ekag,GE,Batumi,,B3,2,evening,no,0.586,0.755,-0.057,uefa-euro:0.176 france:0.135 manchester-city:-0.076 champios-leage:-0.051 inter-milan:-0.062 world-cup-qatar-2022:-0.051,no,4192219781521853
961,Avalshvili1,US,Chicago,,B2,8,night_owl,no,0.442,0.799,-0.088,world-cup-champions:0.155 world-cup-south-africa-2010:0.13 premier-league:0.17 bundes-liga:0.13 england:-0.103 maradona-world-cup:-0.194 argentina:-0.051 club-world-cup:-0.137,no,1404728597711832
962,Sosoiko,GE,Telavi,,B3,12,morning,no,0.565,0.358,0.066,france-world-cup:0.141 barcelona:0.051 argentina-1978:-0.071 premier-league:-0.111 la-liga:-0.16,no,1379451011021676
963,Makaka,GE,Rustavi,,B4,10,evening,no,0.656,0.651,-0.082,france-world-cup:0.187 milan:0.188 soviet-union-world-cup:-0.072 world-cup-germany-2006:-0.095 club-world-cup:-0.133 high-low:-0.138,no,1730799649698154
964,lela mamulashvili,GE,Zugdidi,,B4,7,daytime,no,0.68,0.384,-0.185,world-cup-italy-1990:0.115 90s:0.132 world-cup-brazil-2014:0.191 chelsea:0.137 bundes-liga:-0.114 maradona-world-cup:-0.2,no,4222772807234082
965,TornikN,GE,Akhaltsikhe,,B2,6,daytime,no,0.365,0.785,-0.266,germany-world-cup:0.093 world-cup-finals:0.092 argentina-world-cup:-0.129 england:-0.077 portugal:-0.086 world-cup-champions:-0.153,no,1994657007685990
966,Giorgi Elizbarshvili,GE,Akhaltsikhe,,B1 (bottom),2,evening,no,0.186,0.833,-0.129,italia-italy:0.121 world-cup-classics:0.056 maradona-world-cup:0.172 world-cup-mexico-1986:0.113 world-cup:-0.087 england:-0.058,no,648682467422897
967,otar1,GR,Thessaloniki,,B2,10,morning,no,0.253,0.717,-0.192,world-cup-records:0.198 world-cup-champions:0.131 manchester-city:-0.119 club-world-cup:-0.056 portugal:-0.127,no,2756532641280524
968,Genadi Zarkidze,GE,Gori,,B1 (bottom),6,daytime,yes,0.126,0.726,-0.285,kvnb-netherlands:0.199 france:0.176 transfers:-0.087 netherlands-world-cup:-0.173 portugal:-0.131 world-cup-germany-2006:-0.194,no,1158501943080393
969,Valeri6,GE,Zugdidi,,B4,2,evening,no,0.606,0.788,-0.08,netherlands-world-cup:0.061 bayern:0.187 pele-world-cup:0.128 liverpool:0.112 world-cup-russia-2018:-0.107 transfers:-0.161 uefa-euro:-0.154,no,3030765551875075
970,Nutsa Phkhoveli,GE,Ozurgeti,,B3,6,daytime,no,0.501,0.594,0.182,soviet-union-world-cup:0.102 manchester-city:0.068 manchester-united:-0.079 uefa-euro:-0.192,no,2383566838169370
971,Roin Tsaguriidze,GE,Rustavi,,B1 (bottom),6,daytime,no,0.227,0.389,-0.269,world-cup-captains:0.157 mexico-1970:0.151 00s:0.164 world-cup-goalkeepers:0.064 world-cup-kits:-0.079 argentina-world-cup:-0.178 premier-league:-0.159,no,928157385767903
972,jemalk,GB,Manchester,,B1 (bottom),8,evening,no,0.147,0.813,0.029,bundes-liga:0.104 world-cup-crests:0.056 world-cup-brazil-2014:0.18 world-cup-finals:-0.089 germany-world-cup:-0.124,no,3848970007000111
973,Elgujaa,GE,Poti,,B3,10,evening,no,0.577,0.619,-0.178,world-cup-records:0.102 soviet-union-world-cup:0.091 world-cup-crests:-0.149 maradona-world-cup:-0.186,no,2283506381745559
974,Genadi Talakhadze,GE,Rustavi,,B4,10,morning,yes,0.612,0.569,-0.275,ronaldo-world-cup:0.054 argentina-world-cup:0.096 premier-league:0.142 football-logic:0.08 italy-world-cup:-0.094 italia-italy:-0.06 real-madrid:-0.165 barcelona:-0.091,no,401651417249346
975,lezhavidze,GE,Akhaltsikhe,,B4,10,morning,yes,0.601,0.471,0.021,world-cup-south-africa-2010:0.126 10s:0.07 portugal:0.199 chelsea:0.134 argentina-world-cup:-0.08 real-madrid:-0.151,no,4297408270572104
976,Gioa14,GE,Gori,,B1 (bottom),8,evening,yes,0.168,0.758,0.006,france:0.084 inter-milan:0.181 england-world-cup:-0.089 brazil:-0.187 juventus:-0.14 west-germany-1974:-0.144,no,3179647987434707
977,Elisoo,GE,Akhaltsikhe,,B2,20,evening,no,0.252,0.524,-0.248,dortmund:0.122 inter-milan:0.144 bayern:0.055 milan:0.182 brazil:-0.177 world-cup-captains:-0.117 80s:-0.062,no,4334495023562876
978,lasha nadiridze,GE,Gori,,B4,2,evening,no,0.731,0.399,0.169,psg:0.131 uefa-euro:0.131 soviet-union-world-cup:0.158 france:-0.186 england:-0.152,no,3493957586509946
979,gegad,GE,Tbilisi,,B4,2,evening,no,0.605,0.807,0.176,la-liga:0.138 milan:0.058 italia-italy:-0.12 champios-leage:-0.143,no,1990521263959786
980,Tomadidze7,ES,Madrid,,B3,10,evening,no,0.547,0.627,0.012,messi-world-cup:0.125 world-cup-crests:0.188 la-liga:0.119 france:-0.109 world-cup-captains:-0.126,no,3421186449161956
981,RatiM,GE,Rustavi,,B4,10,evening,no,0.703,0.721,-0.095,world-cup-brazil-2014:0.092 arsenal:0.134 la-liga:0.118 england:-0.128 manchester-united:-0.137 ronaldo-world-cup:-0.134 messi-world-cup:-0.183,no,1044504685269168
982,Tato Rustavshvili,DE,Munich,,B3,10,evening,no,0.524,0.38,0.219,barcelona:0.086 inter-milan:0.116 world-cup-germany-2006:0.093 bayern:-0.14 liverpool:-0.176 milan:-0.187,no,3777910873666366
983,teimurazn,GE,Telavi,,B2,10,morning,no,0.394,0.368,0.1,career-path:0.125 west-germany-1974:0.101 france:-0.061 champios-leage:-0.068 world-cup-champions:-0.067,no,2443068375797311
984,tamar onianiidze,GB,Manchester,,B3,2,evening,no,0.533,0.603,-0.01,arsenal:0.07 psg:0.159 france:0.121 league-1:-0.114 brazil-world-cup:-0.109 transfers:-0.07 world-cup-italy-1990:-0.064,no,1902613278935275
985,Temuriuna,GE,Kutaisi,,B1 (bottom),6,daytime,no,0.177,0.426,-0.279,career-path:0.175 transfers:0.079 world-cup-qatar-2022:-0.174 italy-world-cup:-0.166,no,2036745771677510
986,Tako1,ES,Madrid,,B4,11,morning,no,0.666,0.487,-0.13,world-cup-mexico-1986:0.162 maradona-world-cup:0.18 transfers:0.107 80s:-0.168 inter-milan:-0.094 90s:-0.084 liverpool:-0.087,no,3717186003013837
987,BachanaA,GE,Batumi,,B3,2,evening,no,0.585,0.702,0.231,10s:0.141 ballon-dor:0.169 club-world-cup:0.179 liverpool:0.103 pele-world-cup:-0.153 90s:-0.107,no,3944019400464205
988,Kote Kublashadze,GE,Rustavi,,B2,10,evening,no,0.443,0.484,0.291,arsenal:0.124 milan:0.151 world-cup-italy-1990:0.057 germany-world-cup:0.187 argentina:-0.161 world-cup-goalkeepers:-0.072 world-cup-kits:-0.074,no,4255785037399728
989,Anaiko,GE,Kutaisi,,B1 (bottom),10,evening,no,0.099,0.545,-0.199,world-cup-champions:0.137 portugal:0.101 dortmund:0.073 world-cup-mexico-1986:-0.19 club-world-cup:-0.15 world-cup-italy-1990:-0.105 world-cup-korea-japan-2002:-0.059,no,4311654354955152
990,GugaB,GE,Zugdidi,,B2,11,morning,no,0.262,0.823,-0.099,italia-italy:0.143 world-cup-usa-1994:0.073 soviet-union-world-cup:0.08 club-world-cup:0.098 dortmund:-0.123 football-logic:-0.145,no,1012929713174550
991,Givio,GE,Kutaisi,,B4,6,daytime,no,0.64,0.361,-0.162,league-1:0.056 world-cup-russia-2018:0.054 world-cup-records:0.102 chelsea:-0.052 soviet-union-world-cup:-0.101,no,3665313003935518
992,Ilia22,GE,Akhaltsikhe,,B1 (bottom),8,evening,no,0.188,0.523,0.122,world-cup-goalkeepers:0.098 football-logic:0.189 france-world-cup:-0.056 90s:-0.086,no,3084949838216955
993,Kakhi Samkharshvili,ES,Madrid,,B3,2,evening,no,0.525,0.652,0.013,world-cup-classics:0.175 milan:0.148 world-cup-south-africa-2010:0.059 football-logic:0.117 seria-a:-0.087 world-cup-spain-1982:-0.183 inter-milan:-0.086,no,3497948084081986
994,buba,GE,Akhaltsikhe,,B4,6,daytime,no,0.683,0.83,-0.114,world-cup-south-africa-2010:0.144 england:0.147 chelsea:0.078 dortmund:0.157 00s:-0.156 spain:-0.08 pele-world-cup:-0.182 ronaldo-world-cup:-0.107,no,2956943496423945
995,Jaba Lezhavshvili,GE,Ozurgeti,,B4,2,evening,no,0.661,0.778,-0.042,seria-a:0.098 italy-world-cup:0.063 psg:-0.146 argentina:-0.098 champios-leage:-0.069 arsenal:-0.146,no,292951915431554
996,gugu gagoshava,GE,Zugdidi,,B1 (bottom),6,daytime,no,0.204,0.398,0.298,world-cup-captains:0.083 portugal:0.196 world-cup-mexico-1986:0.169 world-cup-korea-japan-2002:0.057 90s:-0.173 career-path:-0.071,no,3195197977510835
997,eldaro,GE,Telavi,,B3,8,evening,no,0.496,0.671,-0.283,manchester-united:0.163 world-cup-goalkeepers:0.126 spain:0.058 england:0.072 badges-and-logos:-0.068 maradona-world-cup:-0.088,no,1511848177400674
998,ReziR,GR,Thessaloniki,,B3,8,daytime,no,0.505,0.463,0.169,world-cup-goalkeepers:0.075 80s:0.163 ballon-dor:-0.195 germany:-0.142 west-germany-1974:-0.134 badges-and-logos:-0.115,no,367828799211159
999,Kote Darakhvelshvili,GE,Telavi,,B3,8,evening,no,0.513,0.698,0.244,imposter:0.076 dortmund:0.12 world-cup-goalkeepers:0.195 brazil-world-cup:-0.157 juventus:-0.162 barcelona:-0.059 la-liga:-0.087,no,2716121208854067
